"","artist","artist_id","g1","g2","g3","g4","g5","g6","g7","g8","g9","g10","g11","g12","g13","g14","g15","g16","g17","g18","g19","g20"
"1","Post Malone","246dkjvS1zLTtiykXe5h60","dfw rap","pop","rap",NA,NA,NA,NA,NA,NA,NA,NA,NA,NA,NA,NA,NA,NA,NA,NA,NA
"2","Camila Cabello","4nDoRrQiYLoBzwC5BhVJzF","dance pop","pop","post-teen pop",NA,NA,NA,NA,NA,NA,NA,NA,NA,NA,NA,NA,NA,NA,NA,NA,NA
"3","Dua Lipa","6M2wZ9GZgrQXHCFfjv46we","dance pop","pop","post-teen pop","uk pop",NA,NA,NA,NA,NA,NA,NA,NA,NA,NA,NA,NA,NA,NA,NA,NA
"4","Selena Gomez","0C8ZW7ezQVs4URX5aX7Kqx","dance pop","pop","post-teen pop",NA,NA,NA,NA,NA,NA,NA,NA,NA,NA,NA,NA,NA,NA,NA,NA,NA
"5","Ed Sheeran","6eUKZXaKkcviH0Ku9w2n3V","pop","uk pop",NA,NA,NA,NA,NA,NA,NA,NA,NA,NA,NA,NA,NA,NA,NA,NA,NA,NA
"6","Eminem","7dGJo4pcD2V6oG8kP0tJRR","detroit hip hop","g funk","hip hop","rap",NA,NA,NA,NA,NA,NA,NA,NA,NA,NA,NA,NA,NA,NA,NA,NA
"7","Luis Fonsi","4V8Sr092TqfHkfAA5fXXqG","latin","latin pop","pop","tropical",NA,NA,NA,NA,NA,NA,NA,NA,NA,NA,NA,NA,NA,NA,NA,NA
"8","Maroon 5","04gDigrS5kc9YWfZHwBETP","pop",NA,NA,NA,NA,NA,NA,NA,NA,NA,NA,NA,NA,NA,NA,NA,NA,NA,NA,NA
"9","Lil Pump","3wyVrVrFCkukjdVIdirGVY","emo rap","miami hip hop","trap music",NA,NA,NA,NA,NA,NA,NA,NA,NA,NA,NA,NA,NA,NA,NA,NA,NA
"10","G-Eazy","02kJSzxNuaWGqwubyUba0Z","hip hop","indie pop rap","pop","pop rap","rap",NA,NA,NA,NA,NA,NA,NA,NA,NA,NA,NA,NA,NA,NA,NA
"11","NF","6fOMl44jA4Sp5b9PpYCkzz","hip hop","rap",NA,NA,NA,NA,NA,NA,NA,NA,NA,NA,NA,NA,NA,NA,NA,NA,NA,NA
"12","Maluma","1r4hJ1h58CWwUQe3MxPuau","reggaeton",NA,NA,NA,NA,NA,NA,NA,NA,NA,NA,NA,NA,NA,NA,NA,NA,NA,NA,NA
"13","Marshmello","64KEffDW9EtZ1y2vBYgq8T","brostep","progressive electro house",NA,NA,NA,NA,NA,NA,NA,NA,NA,NA,NA,NA,NA,NA,NA,NA,NA,NA
"14","Natti Natasha","1GDbiv3spRmZ1XdM1jQbT7","latin","rap latina","reggaeton","tropical",NA,NA,NA,NA,NA,NA,NA,NA,NA,NA,NA,NA,NA,NA,NA,NA
"15","Sam Smith","2wY79sveU1sp5g7SokKOiI","pop","post-teen pop",NA,NA,NA,NA,NA,NA,NA,NA,NA,NA,NA,NA,NA,NA,NA,NA,NA,NA
"16","Khalid","6LuN9FCkKOj5PcnpouEgny","pop",NA,NA,NA,NA,NA,NA,NA,NA,NA,NA,NA,NA,NA,NA,NA,NA,NA,NA,NA
"17","J Balvin","1vyhD5VmyZ7KMfW5gqLgo5","latin","reggaeton",NA,NA,NA,NA,NA,NA,NA,NA,NA,NA,NA,NA,NA,NA,NA,NA,NA,NA
"18","Portugal. The Man","4kI8Ie27vjvonwaB2ePh8T","indie pop","indie rock","modern rock",NA,NA,NA,NA,NA,NA,NA,NA,NA,NA,NA,NA,NA,NA,NA,NA,NA
"19","Danny Ocean","5H1nN1SzW0qNeUEZvuXjAj","latin","pop","reggaeton","tropical",NA,NA,NA,NA,NA,NA,NA,NA,NA,NA,NA,NA,NA,NA,NA,NA
"20","Bad Bunny","4q3ewBCX7sLwd24euuV69X","reggaeton","trap latino",NA,NA,NA,NA,NA,NA,NA,NA,NA,NA,NA,NA,NA,NA,NA,NA,NA,NA
"21","Hailee Steinfeld","5p7f24Rk5HkUZsaS3BLG5F","dance pop","pop","post-teen pop","tropical house",NA,NA,NA,NA,NA,NA,NA,NA,NA,NA,NA,NA,NA,NA,NA,NA
"22","Anitta","7FNnA9vBm6EKceENgCGRMb","baile pop","funk carioca","funk das antigas",NA,NA,NA,NA,NA,NA,NA,NA,NA,NA,NA,NA,NA,NA,NA,NA,NA
"23","Imagine Dragons","53XhwfbYqKCa1cC15pYq2q","modern rock","rock",NA,NA,NA,NA,NA,NA,NA,NA,NA,NA,NA,NA,NA,NA,NA,NA,NA,NA
"24","ZAYN","5ZsFI1h6hIdQRw2ti0hz81","dance pop","pop","post-teen pop",NA,NA,NA,NA,NA,NA,NA,NA,NA,NA,NA,NA,NA,NA,NA,NA,NA
"25","Lil Uzi Vert","4O15NlyKLIASxsJ0PrXPfz","philly rap","rap","trap music",NA,NA,NA,NA,NA,NA,NA,NA,NA,NA,NA,NA,NA,NA,NA,NA,NA
"26","Becky G","4obzFoKoKRHIphyHzJ35G3","latin viral pop","pop","rap latina","reggaeton",NA,NA,NA,NA,NA,NA,NA,NA,NA,NA,NA,NA,NA,NA,NA,NA
"27","Ozuna","1i8SpTcr7yvPOmcqrbnVXY","reggaeton","trap latino",NA,NA,NA,NA,NA,NA,NA,NA,NA,NA,NA,NA,NA,NA,NA,NA,NA,NA
"28","Cardi B","4kYSro6naA4h99UJvo89HB","pop","rap",NA,NA,NA,NA,NA,NA,NA,NA,NA,NA,NA,NA,NA,NA,NA,NA,NA,NA
"29","Logic","4xRYI6VqpkE3UwrDrAZL8L","conscious hip hop","dmv rap","hip hop","pop rap","rap",NA,NA,NA,NA,NA,NA,NA,NA,NA,NA,NA,NA,NA,NA,NA
"30","French Montana","6vXTefBL93Dj5IqAWq6OTv","hip hop","pop","pop rap","rap","southern hip hop","trap music",NA,NA,NA,NA,NA,NA,NA,NA,NA,NA,NA,NA,NA,NA
"31","Bebe Rexha","64M6ah0SkkRsnPGtGiRAbb","dance pop","pop","post-teen pop",NA,NA,NA,NA,NA,NA,NA,NA,NA,NA,NA,NA,NA,NA,NA,NA,NA
"32","Charlie Puth","6VuMaDnrHyPL1p4EHjYLi7","dance pop","pop","post-teen pop","viral pop",NA,NA,NA,NA,NA,NA,NA,NA,NA,NA,NA,NA,NA,NA,NA,NA
"33","Kendrick Lamar","2YZyLoL8N0Wb9xBt1NhZWg","conscious hip hop","hip hop","pop rap","rap","west coast rap",NA,NA,NA,NA,NA,NA,NA,NA,NA,NA,NA,NA,NA,NA,NA
"34","Kygo","23fqKkggKUBHNkbKtXEls4","edm","pop","tropical house",NA,NA,NA,NA,NA,NA,NA,NA,NA,NA,NA,NA,NA,NA,NA,NA,NA
"35","Piso 21","4bw2Am3p9ji3mYsXNXtQcd","colombian pop","latin",NA,NA,NA,NA,NA,NA,NA,NA,NA,NA,NA,NA,NA,NA,NA,NA,NA,NA
"36","Offset","4DdkRBBYG6Yk9Ka8tdJ9BW","atl hip hop","pop","pop rap","rap","trap music",NA,NA,NA,NA,NA,NA,NA,NA,NA,NA,NA,NA,NA,NA,NA
"37","Clean Bandit","6MDME20pz9RveH9rEXvrOM","dance pop","edm","pop","post-teen pop","tropical house","uk dance","uk funky",NA,NA,NA,NA,NA,NA,NA,NA,NA,NA,NA,NA,NA
"38","The Chainsmokers","69GGBxA162lTqCwzJG5jLp","edm","electropop","pop","tropical house",NA,NA,NA,NA,NA,NA,NA,NA,NA,NA,NA,NA,NA,NA,NA,NA
"39","21 Savage","1URnnhqYAYcrqrcwql10ft","atl hip hop","rap","trap music",NA,NA,NA,NA,NA,NA,NA,NA,NA,NA,NA,NA,NA,NA,NA,NA,NA
"40","Drake","3TVXtAsR1Inumwj472S9r4","canadian hip hop","canadian pop","hip hop","pop rap","rap","toronto rap",NA,NA,NA,NA,NA,NA,NA,NA,NA,NA,NA,NA,NA,NA
"41","Shakira","0EmeFodog0BfCgMzAIvKQp","colombian pop","dance pop","latin","latin pop","mexican pop","pop",NA,NA,NA,NA,NA,NA,NA,NA,NA,NA,NA,NA,NA,NA
"42","Alex Sensation","0OROVBEZCocg0FcgJpyBse","reggaeton",NA,NA,NA,NA,NA,NA,NA,NA,NA,NA,NA,NA,NA,NA,NA,NA,NA,NA,NA
"43","Axwell /\ Ingrosso","2XnBwblw31dfGnspMIwgWz","big room","dance pop","edm","electro house","pop","tropical house",NA,NA,NA,NA,NA,NA,NA,NA,NA,NA,NA,NA,NA,NA
"44","Migos","6oMuImdp5ZcFhWP0ESe6mG","atl hip hop","pop","pop rap","rap","southern hip hop","trap music",NA,NA,NA,NA,NA,NA,NA,NA,NA,NA,NA,NA,NA,NA
"45","Nacho","2ayNSoKPCRAfjp6hQ76hRu","latin","latin pop","pop","tropical",NA,NA,NA,NA,NA,NA,NA,NA,NA,NA,NA,NA,NA,NA,NA,NA
"46","Demi Lovato","6S2OmqARrzebs0tKUEyXyp","dance pop","pop","post-teen pop",NA,NA,NA,NA,NA,NA,NA,NA,NA,NA,NA,NA,NA,NA,NA,NA,NA
"47","Shawn Mendes","7n2wHs1TKAczGzO7Dd2rGr","canadian pop","dance pop","pop","viral pop",NA,NA,NA,NA,NA,NA,NA,NA,NA,NA,NA,NA,NA,NA,NA,NA
"48","Martin Garrix","60d24wfXkVzDSfLS6hyCjZ","big room","edm","pop","progressive house","tropical house",NA,NA,NA,NA,NA,NA,NA,NA,NA,NA,NA,NA,NA,NA,NA
"49","Michael Jackson","3fMbdgg4jU18AjLCKBhRSm","pop",NA,NA,NA,NA,NA,NA,NA,NA,NA,NA,NA,NA,NA,NA,NA,NA,NA,NA,NA
"50","MC Fioti","2W6kbe0nm96COrHzNmfLLd","funk carioca","funk ostentacao",NA,NA,NA,NA,NA,NA,NA,NA,NA,NA,NA,NA,NA,NA,NA,NA,NA,NA
"51","Wisin","3E6xrwgnVfYCrCs0ePERDz","dance pop","latin","latin hip hop","latin pop","pop","reggaeton","reggaeton flow","tropical",NA,NA,NA,NA,NA,NA,NA,NA,NA,NA,NA,NA
"52","A$AP Ferg","5dHt1vcEm9qb8fCyLcB3HL","hip hop","pop","pop rap","rap","southern hip hop","trap music","underground hip hop",NA,NA,NA,NA,NA,NA,NA,NA,NA,NA,NA,NA,NA
"53","Carlos Vives","4vhNDa5ycK0ST968ek7kRr","champeta","colombian pop","latin","latin pop","tropical","vallenato",NA,NA,NA,NA,NA,NA,NA,NA,NA,NA,NA,NA,NA,NA
"54","Rita Ora","5CCwRZC6euC8Odo6y9X8jr","dance pop","edm","pop","post-teen pop","r&b","tropical house","uk pop",NA,NA,NA,NA,NA,NA,NA,NA,NA,NA,NA,NA,NA
"55","Famous Dex","0WOxhx4hikIsyF3CRPLC8W","chicago rap","drill","hip hop","pop rap","rap","southern hip hop","trap music","underground hip hop","vapor trap",NA,NA,NA,NA,NA,NA,NA,NA,NA,NA,NA
"56","Joey Montana","3ATyg4fGC9F8trfb0GRWmX","dance pop","latin","latin hip hop","latin pop","pop","pop reggaeton","reggaeton","tropical",NA,NA,NA,NA,NA,NA,NA,NA,NA,NA,NA,NA
"57","Kodak Black","46SHBwWsqBkxI7EeeBEQG7","florida rap","miami hip hop","pop rap","rap","southern hip hop","trap music",NA,NA,NA,NA,NA,NA,NA,NA,NA,NA,NA,NA,NA,NA
"58","Avicii","1vCWHaC5f2uS3yhpwWbIA6","big room","edm","pop",NA,NA,NA,NA,NA,NA,NA,NA,NA,NA,NA,NA,NA,NA,NA,NA,NA
"59","Lauv","5JZ7CnR6gTvEMKX4g70Amv","dance pop","pop","post-teen pop",NA,NA,NA,NA,NA,NA,NA,NA,NA,NA,NA,NA,NA,NA,NA,NA,NA
"60","DJ Khaled","0QHgL1lAIqAw0HtD7YldmP","hip hop","miami hip hop","pop","pop rap","rap","southern hip hop","trap music",NA,NA,NA,NA,NA,NA,NA,NA,NA,NA,NA,NA,NA
"61","Alan Walker","7vk5e3vY1uw9plTHJAMwjN","electro house",NA,NA,NA,NA,NA,NA,NA,NA,NA,NA,NA,NA,NA,NA,NA,NA,NA,NA,NA
"62","Travis Scott","0Y5tJX1MQlPlqiwlOH1tJY","pop","pop rap","rap",NA,NA,NA,NA,NA,NA,NA,NA,NA,NA,NA,NA,NA,NA,NA,NA,NA
"63","Halsey","26VFTg2z8YR0cCuwLzESi2","dance pop","electropop","etherpop","indie poptimism","pop","post-teen pop",NA,NA,NA,NA,NA,NA,NA,NA,NA,NA,NA,NA,NA,NA
"64","Liam Payne","5pUo3fmmHT8bhCyHE52hA6","dance pop","edm","pop","post-teen pop","tropical house",NA,NA,NA,NA,NA,NA,NA,NA,NA,NA,NA,NA,NA,NA,NA
"65","Calvin Harris","7CajNmpbOovFoOoasH2HaY","edm","electro house","house","pop","progressive house","uk dance",NA,NA,NA,NA,NA,NA,NA,NA,NA,NA,NA,NA,NA,NA
"66","Bruno Mars","0du5cEVh5yTK9QJze8zA0C","pop","post-teen pop",NA,NA,NA,NA,NA,NA,NA,NA,NA,NA,NA,NA,NA,NA,NA,NA,NA,NA
"67","Macklemore & Ryan Lewis","5BcAKTbp20cv7tC5VqPFoC","dance pop","pop","pop rap",NA,NA,NA,NA,NA,NA,NA,NA,NA,NA,NA,NA,NA,NA,NA,NA,NA
"68","Jason Derulo","07YZf4WDAMNwqr4jfgOZ8y","dance pop","pop","pop rap","post-teen pop","r&b",NA,NA,NA,NA,NA,NA,NA,NA,NA,NA,NA,NA,NA,NA,NA
"69","XXXTENTACION","15UsOTVnJzReFVN1VCnxy4","emo rap","miami hip hop",NA,NA,NA,NA,NA,NA,NA,NA,NA,NA,NA,NA,NA,NA,NA,NA,NA,NA
"70","Machine Gun Kelly","6TIYQ3jFPwQSRmorSezPxX","hip hop","pop rap","rap",NA,NA,NA,NA,NA,NA,NA,NA,NA,NA,NA,NA,NA,NA,NA,NA,NA
"71","Justin Bieber","1uNFoZAHBGtllmzznpCI3s","canadian pop","dance pop","pop","post-teen pop",NA,NA,NA,NA,NA,NA,NA,NA,NA,NA,NA,NA,NA,NA,NA,NA
"72","OutKast","1G9G7WwrXka3Z1r7aIDjI7","atl hip hop","dirty south rap","hip hop","pop rap","rap","southern hip hop",NA,NA,NA,NA,NA,NA,NA,NA,NA,NA,NA,NA,NA,NA
"73","Sia","5WUlDfRSoLAfcVSX1WnrxN","australian dance","australian pop","pop",NA,NA,NA,NA,NA,NA,NA,NA,NA,NA,NA,NA,NA,NA,NA,NA,NA
"74","Miguel","360IAlyVv4PCEVjgyMZrxK","dance pop","pop","pop rap","r&b","rap","urban contemporary",NA,NA,NA,NA,NA,NA,NA,NA,NA,NA,NA,NA,NA,NA
"75","Lil Xan","3EXdLajEO02ziZ90P90bSW","emo rap","underground hip hop","vapor trap",NA,NA,NA,NA,NA,NA,NA,NA,NA,NA,NA,NA,NA,NA,NA,NA,NA
"76","Zedd","2qxJFvFYMEDqd7ui6kSAcq","complextro","dance pop","edm","electro house","german techno","pop","post-teen pop","tropical house",NA,NA,NA,NA,NA,NA,NA,NA,NA,NA,NA,NA
"77","Gucci Mane","13y7CgLHjMVRMDqxdx0Xdo","atl hip hop","dirty south rap","hip hop","pop","pop rap","rap","southern hip hop","trap music",NA,NA,NA,NA,NA,NA,NA,NA,NA,NA,NA,NA
"78","Future","1RyvyyTE3xzB2ZywiAwp0i","atl hip hop","hip hop","pop","pop rap","rap","southern hip hop","trap music",NA,NA,NA,NA,NA,NA,NA,NA,NA,NA,NA,NA,NA
"79","Foster The People","7gP3bB2nilZXLfPHJhMdvc","indie pop","indie rock","modern rock","pop","rock",NA,NA,NA,NA,NA,NA,NA,NA,NA,NA,NA,NA,NA,NA,NA
"80","Romeo Santos","5lwmRuXgjX8xIwlnauTZIP","bachata","latin","tropical",NA,NA,NA,NA,NA,NA,NA,NA,NA,NA,NA,NA,NA,NA,NA,NA,NA
"81","BTS","3Nrfpe0tUJi4K4DXYWgMUX","k-pop","k-pop boy group",NA,NA,NA,NA,NA,NA,NA,NA,NA,NA,NA,NA,NA,NA,NA,NA,NA,NA
"82","Sebastian Yatra","07YUOmWljBTXwIseAUd9TW","colombian pop",NA,NA,NA,NA,NA,NA,NA,NA,NA,NA,NA,NA,NA,NA,NA,NA,NA,NA,NA
"83","James Arthur","4IWBUUAFIplrNtaOHcJPRM","dance pop","pop","post-teen pop","talent show",NA,NA,NA,NA,NA,NA,NA,NA,NA,NA,NA,NA,NA,NA,NA,NA
"84","Daddy Yankee","4VMYDCV2IEDYJArk749S6m","latin","latin hip hop","pop","reggaeton","tropical",NA,NA,NA,NA,NA,NA,NA,NA,NA,NA,NA,NA,NA,NA,NA
"85","Marvin Gaye","3koiLjNrgRTNbOwViDipeA","classic soul","funk","motown","northern soul","quiet storm","soul",NA,NA,NA,NA,NA,NA,NA,NA,NA,NA,NA,NA,NA,NA
"86","Macklemore","3JhNCzhSMTxs9WLGJJxWOY","pop rap",NA,NA,NA,NA,NA,NA,NA,NA,NA,NA,NA,NA,NA,NA,NA,NA,NA,NA,NA
"87","Wolfine","2OnKRchqP7tT0FzTvWIFI7","colombian pop","latin",NA,NA,NA,NA,NA,NA,NA,NA,NA,NA,NA,NA,NA,NA,NA,NA,NA,NA
"88","Jonas Blue","1HBjj22wzbscIZ9sEb5dyf","dance pop","edm","pop","tropical house","uk dance",NA,NA,NA,NA,NA,NA,NA,NA,NA,NA,NA,NA,NA,NA,NA
"89","Manuel Turizo","0tmwSHipWxN12fsoLcFU3B","colombian pop","latin","reggaeton",NA,NA,NA,NA,NA,NA,NA,NA,NA,NA,NA,NA,NA,NA,NA,NA,NA
"90","Taylor Swift","06HL4z0CvFAxyc27GXpf02","dance pop","pop","post-teen pop",NA,NA,NA,NA,NA,NA,NA,NA,NA,NA,NA,NA,NA,NA,NA,NA,NA
"91","MC Kevinho","1mXAhKnZEdF6rotyyd4GBi","funk carioca","funk ostentacao",NA,NA,NA,NA,NA,NA,NA,NA,NA,NA,NA,NA,NA,NA,NA,NA,NA,NA
"92","The Jackson 5","2iE18Oxc8YSumAU232n4rW","motown",NA,NA,NA,NA,NA,NA,NA,NA,NA,NA,NA,NA,NA,NA,NA,NA,NA,NA,NA
"93","The Weeknd","1Xyo4u8uXC1ZmMpatF05PJ","canadian contemporary r&b","canadian pop","hip hop","pop","rap",NA,NA,NA,NA,NA,NA,NA,NA,NA,NA,NA,NA,NA,NA,NA
"94","Queen","1dfeR4HaWDbWqFHLkxsg1d","glam rock","rock",NA,NA,NA,NA,NA,NA,NA,NA,NA,NA,NA,NA,NA,NA,NA,NA,NA,NA
"95","Bee Gees","1LZEQNv7sE11VDY3SdxQeN","disco","mellow gold","soft rock",NA,NA,NA,NA,NA,NA,NA,NA,NA,NA,NA,NA,NA,NA,NA,NA,NA
"96","Chris Jeday","0qTZZWLzuD59Un5r1speHm","latin","latin hip hop","reggaeton flow","trap latino","tropical",NA,NA,NA,NA,NA,NA,NA,NA,NA,NA,NA,NA,NA,NA,NA
"97","Earth, Wind & Fire","4QQgXkCYTt3BlENzhyNETg","disco","funk","jazz funk","motown","quiet storm","soul",NA,NA,NA,NA,NA,NA,NA,NA,NA,NA,NA,NA,NA,NA
"98","Maggie Lindemann","0uGk2czvcpWQA383Im6ajf","dance pop","indie cafe pop","pop","post-teen pop","viral pop",NA,NA,NA,NA,NA,NA,NA,NA,NA,NA,NA,NA,NA,NA,NA
"99","Jesse & Joy","1mX1TWKpNxDSAH16LgDfiR","latin","latin arena pop","latin pop","mexican pop","pop",NA,NA,NA,NA,NA,NA,NA,NA,NA,NA,NA,NA,NA,NA,NA
"100","NAV","7rkW85dBwwrJtlHRDkJDAC","canadian hip hop","pop","pop rap","rap","southern hip hop","toronto rap","trap music",NA,NA,NA,NA,NA,NA,NA,NA,NA,NA,NA,NA,NA
"101","P!nk","1KCSPY1glIKqW2TotWuXOR","dance pop","pop","post-teen pop",NA,NA,NA,NA,NA,NA,NA,NA,NA,NA,NA,NA,NA,NA,NA,NA,NA
"102","David Guetta","1Cs0zKBU1kc0i8ypK3B9ai","dance pop","edm","pop",NA,NA,NA,NA,NA,NA,NA,NA,NA,NA,NA,NA,NA,NA,NA,NA,NA
"103","Childish Gambino","73sIBHcqh3Z3NyqHKZ7FOL","atl hip hop","hip hop","pop","pop rap","rap",NA,NA,NA,NA,NA,NA,NA,NA,NA,NA,NA,NA,NA,NA,NA
"104","Daryl Hall & John Oates","77tT1kLj6mCWtFNqiOmP9H","album rock","mellow gold","rock","soft rock","yacht rock",NA,NA,NA,NA,NA,NA,NA,NA,NA,NA,NA,NA,NA,NA,NA
"105","MC's Jhowzinho & Kadinho","2Q4r4Epfaaho06ONTHx7OS","funk carioca","funk ostentacao",NA,NA,NA,NA,NA,NA,NA,NA,NA,NA,NA,NA,NA,NA,NA,NA,NA,NA
"106","Shaggy","5EvFsr3kj42KNv97ZEnqij","dance pop","pop rap","reggae fusion",NA,NA,NA,NA,NA,NA,NA,NA,NA,NA,NA,NA,NA,NA,NA,NA,NA
"107","CNCO","0eecdvMrqBftK0M1VKhaF4","boy band","latin","latin pop","pop","reggaeton","tropical",NA,NA,NA,NA,NA,NA,NA,NA,NA,NA,NA,NA,NA,NA
"108","The Clash","3RGLhK1IP9jnYFH4BRFJBS","classic rock","dance rock","new wave","permanent wave","punk","rock",NA,NA,NA,NA,NA,NA,NA,NA,NA,NA,NA,NA,NA,NA
"109","Julia Michaels","0ZED1XzwlLHW4ZaG4lOT6m","dance pop","pop","post-teen pop",NA,NA,NA,NA,NA,NA,NA,NA,NA,NA,NA,NA,NA,NA,NA,NA,NA
"110","Yandel","0eHQ9o50hj6ZDNBt6Ys1sD","latin","latin hip hop","latin pop","pop","reggaeton","reggaeton flow","tropical",NA,NA,NA,NA,NA,NA,NA,NA,NA,NA,NA,NA,NA
"111","Huncho Jack","6extd4B6hl8VTmnlhpl2bY","hip hop","pop","pop rap","rap","southern hip hop","trap music",NA,NA,NA,NA,NA,NA,NA,NA,NA,NA,NA,NA,NA,NA
"112","Mark Ronson","3hv9jJF3adDNsBSIQDqcjp","dance pop","pop","tropical house",NA,NA,NA,NA,NA,NA,NA,NA,NA,NA,NA,NA,NA,NA,NA,NA,NA
"113","Niall Horan","1Hsdzj7Dlq2I7tHP7501T4","australian pop","dance pop","neo mellow","pop","post-teen pop",NA,NA,NA,NA,NA,NA,NA,NA,NA,NA,NA,NA,NA,NA,NA
"114","Pharrell Williams","2RdwBSPQiwcmiDo9kixcl8","dance pop","pop","pop rap",NA,NA,NA,NA,NA,NA,NA,NA,NA,NA,NA,NA,NA,NA,NA,NA,NA
"115","Zac Efron","6U1dBXJhC8gXFjamvFTmHg","hollywood","post-teen pop","show tunes",NA,NA,NA,NA,NA,NA,NA,NA,NA,NA,NA,NA,NA,NA,NA,NA,NA
"116","Major Lazer","738wLrAtLtCtFOLvQBXOXp","dance pop","edm","electro house","moombahton","pop","tropical house",NA,NA,NA,NA,NA,NA,NA,NA,NA,NA,NA,NA,NA,NA
"117","Cheat Codes","7DMveApC7UnC2NPfPvlHSU","dance pop","edm","electro house","electropop","pop","pop edm","post-teen pop","tropical house",NA,NA,NA,NA,NA,NA,NA,NA,NA,NA,NA,NA
"118","Justin Timberlake","31TPClRtHm23RisEBtV3X7","dance pop","pop",NA,NA,NA,NA,NA,NA,NA,NA,NA,NA,NA,NA,NA,NA,NA,NA,NA,NA
"119","Stevie Wonder","7guDJrEfX3qb6FEbdPA5qi","motown","quiet storm","soul",NA,NA,NA,NA,NA,NA,NA,NA,NA,NA,NA,NA,NA,NA,NA,NA,NA
"120","Keala Settle","7HV2RI2qNug4EcQqLbCAKS","broadway","hollywood","show tunes",NA,NA,NA,NA,NA,NA,NA,NA,NA,NA,NA,NA,NA,NA,NA,NA,NA
"121","Louis Tomlinson","57WHJIHrjOE3iAxpihhMnp","dance pop","pop","post-teen pop",NA,NA,NA,NA,NA,NA,NA,NA,NA,NA,NA,NA,NA,NA,NA,NA,NA
"122","Toto","0PFtn5NtBbbUNbU9EAmIWF","album rock","mellow gold","rock","soft rock","yacht rock",NA,NA,NA,NA,NA,NA,NA,NA,NA,NA,NA,NA,NA,NA,NA
"123","Yo Gotti","6Ha4aES39QiVjR0L2lwuwq","dirty south rap","gangster rap","hip hop","memphis hip hop","pop","pop rap","rap","southern hip hop","trap music",NA,NA,NA,NA,NA,NA,NA,NA,NA,NA,NA
"124","6ix9ine","7gZfnEnfiaHzxARJ2LeXrf","emo rap",NA,NA,NA,NA,NA,NA,NA,NA,NA,NA,NA,NA,NA,NA,NA,NA,NA,NA,NA
"125","Journey","0rvjqX7ttXeg3mTy8Xscbt","album rock","hard rock","mellow gold","rock","soft rock",NA,NA,NA,NA,NA,NA,NA,NA,NA,NA,NA,NA,NA,NA,NA
"126","KYLE","4qBgvVog0wzW75IQ48mU7v","pop","pop rap","rap",NA,NA,NA,NA,NA,NA,NA,NA,NA,NA,NA,NA,NA,NA,NA,NA,NA
"127","AC/DC","711MCceyCBcFnzjGY4Q7Un","album rock","australian rock","hard rock","rock",NA,NA,NA,NA,NA,NA,NA,NA,NA,NA,NA,NA,NA,NA,NA,NA
"128","Hugh Jackman","5F1aoppMtU3OMiltO8ymJ2","hollywood",NA,NA,NA,NA,NA,NA,NA,NA,NA,NA,NA,NA,NA,NA,NA,NA,NA,NA,NA
"129","DJ Snake","540vIaP2JwjQb9dm3aArA4","dance pop","edm","electronic trap","pop",NA,NA,NA,NA,NA,NA,NA,NA,NA,NA,NA,NA,NA,NA,NA,NA
"130","Loren Allred","0LyOADBjj28cbvJWTXUEGA","deep talent show","hollywood","movie tunes",NA,NA,NA,NA,NA,NA,NA,NA,NA,NA,NA,NA,NA,NA,NA,NA,NA
"131","Ziv Zaifman","2cQr2KbzdRtIFlfbHGnNsL","show tunes",NA,NA,NA,NA,NA,NA,NA,NA,NA,NA,NA,NA,NA,NA,NA,NA,NA,NA,NA
"132","Harry Styles","6KImCVD70vtIoJWnq6nGn3","dance pop","pop","post-teen pop",NA,NA,NA,NA,NA,NA,NA,NA,NA,NA,NA,NA,NA,NA,NA,NA,NA
"133","SZA","7tYKF4w9nC0nq9CsPZTHyP","hip hop","pop","pop rap","r&b","rap",NA,NA,NA,NA,NA,NA,NA,NA,NA,NA,NA,NA,NA,NA,NA
"134","Matt Terry","2JLqTvFXmC87BksiCsBezV","talent show",NA,NA,NA,NA,NA,NA,NA,NA,NA,NA,NA,NA,NA,NA,NA,NA,NA,NA,NA
"135","The Killers","0C0XlULifJtAgn6ZNCW2eu","indie rock","modern rock","permanent wave","rock",NA,NA,NA,NA,NA,NA,NA,NA,NA,NA,NA,NA,NA,NA,NA,NA
"136","Abraham Mateo","2bxxlINUlcMQQb39K7IopR","latin arena pop","latin pop","latin viral pop","spanish pop",NA,NA,NA,NA,NA,NA,NA,NA,NA,NA,NA,NA,NA,NA,NA,NA
"137","A Boogie Wit da Hoodie","31W5EY0aAly4Qieq6OFu6I","rap","trap music",NA,NA,NA,NA,NA,NA,NA,NA,NA,NA,NA,NA,NA,NA,NA,NA,NA,NA
"138","Oasis","2DaxqgrOhkeH0fpeiQq2f4","britpop","madchester","permanent wave","rock",NA,NA,NA,NA,NA,NA,NA,NA,NA,NA,NA,NA,NA,NA,NA,NA
"139","Sam Hunt","2kucQ9jQwuD8jWdtR9Ef38","contemporary country","country pop",NA,NA,NA,NA,NA,NA,NA,NA,NA,NA,NA,NA,NA,NA,NA,NA,NA,NA
"140","Coldplay","4gzpq5DPGxSnKTe4SA8HAU","permanent wave","pop",NA,NA,NA,NA,NA,NA,NA,NA,NA,NA,NA,NA,NA,NA,NA,NA,NA,NA
"141","Juan Magán","1ackd5XprZEkH3McKbQD51","dance pop","electro latino","latin","latin pop","pop","spanish pop","tropical",NA,NA,NA,NA,NA,NA,NA,NA,NA,NA,NA,NA,NA
"142","Lil Skies","7d3WFRME3vBY2cgoP38RDo","trap music",NA,NA,NA,NA,NA,NA,NA,NA,NA,NA,NA,NA,NA,NA,NA,NA,NA,NA,NA
"143","Michelle Williams","2LAqcqAQ8KPTsl1HBgBrqM","hollywood",NA,NA,NA,NA,NA,NA,NA,NA,NA,NA,NA,NA,NA,NA,NA,NA,NA,NA,NA
"144","YBN Nahmir","3gGUMEwIX6XodWsYEvKSal","alabama rap","rap","trap music","underground hip hop","vapor trap",NA,NA,NA,NA,NA,NA,NA,NA,NA,NA,NA,NA,NA,NA,NA
"145","Austyn Johnson","6Y20PijIkUoCtuvtkz37dO","show tunes",NA,NA,NA,NA,NA,NA,NA,NA,NA,NA,NA,NA,NA,NA,NA,NA,NA,NA,NA
"146","Jax Jones","4Q6nIcaBED8qUel8bBx6Cr","dance pop","edm","house","pop","tropical house","uk dance",NA,NA,NA,NA,NA,NA,NA,NA,NA,NA,NA,NA,NA,NA
"147","Troye Sivan","3WGpXCj9YhhfX11TToZcXP","dance pop","pop","post-teen pop","viral pop",NA,NA,NA,NA,NA,NA,NA,NA,NA,NA,NA,NA,NA,NA,NA,NA
"148","Enrique Iglesias","7qG3b048QCHVRO5Pv1T5lw","dance pop","latin","latin pop","mexican pop","pop","tropical",NA,NA,NA,NA,NA,NA,NA,NA,NA,NA,NA,NA,NA,NA
"149","Jay Rock","28ExwzUQsvgJooOI0X1mr3","conscious hip hop","gangster rap","hip hop","pop rap","rap","southern hip hop","trap music","underground hip hop",NA,NA,NA,NA,NA,NA,NA,NA,NA,NA,NA,NA
"150","The Cranberries","7t0rwkOPGlDPEhaOcVtOt9","irish rock","pop rock","rock",NA,NA,NA,NA,NA,NA,NA,NA,NA,NA,NA,NA,NA,NA,NA,NA,NA
"151","Sfera Ebbasta","23TFHmajVfBtlRx5MXqgoz","italian hip hop",NA,NA,NA,NA,NA,NA,NA,NA,NA,NA,NA,NA,NA,NA,NA,NA,NA,NA,NA
"152","Rudimental","4WN5naL3ofxrVBgFpguzKo","dance pop","edm","liquid funk","pop","tropical house","uk funky",NA,NA,NA,NA,NA,NA,NA,NA,NA,NA,NA,NA,NA,NA
"153","Cashmere Cat","2LZDXcxJWgsJfKXZv9a5eG","dance pop","downtempo","electropop","pop","post-teen pop","shiver pop",NA,NA,NA,NA,NA,NA,NA,NA,NA,NA,NA,NA,NA,NA
"154","Ramz","6ywXRaHY7m2DJ0dd7CsLAB","swedish gangsta rap","uk hip hop",NA,NA,NA,NA,NA,NA,NA,NA,NA,NA,NA,NA,NA,NA,NA,NA,NA,NA
"155","Carnage","7CCjtD0hCK005Bvg2WG1a7","edm","pop rap","rap","southern hip hop","trap music","underground hip hop",NA,NA,NA,NA,NA,NA,NA,NA,NA,NA,NA,NA,NA,NA
"156","Bazzi","4GvEc3ANtPPjt1ZJllr5Zl","dance pop","pop","post-teen pop",NA,NA,NA,NA,NA,NA,NA,NA,NA,NA,NA,NA,NA,NA,NA,NA,NA
"157","Fall Out Boy","4UXqAaa6dQYAk18Lv7PEgX","emo","modern rock","pop punk",NA,NA,NA,NA,NA,NA,NA,NA,NA,NA,NA,NA,NA,NA,NA,NA,NA
"158","Ghali","3egWSWp7Y4FyCKIyvXbw7L","italian hip hop","milan indie","rap tunisien",NA,NA,NA,NA,NA,NA,NA,NA,NA,NA,NA,NA,NA,NA,NA,NA,NA
"159","Dj Kass","431Pb5EV8KsCBGTw96ZTQ4","chilean hardcore",NA,NA,NA,NA,NA,NA,NA,NA,NA,NA,NA,NA,NA,NA,NA,NA,NA,NA,NA
"160","Kesha","6LqNN22kT3074XbTVUrhzX","dance pop","electropop","pop","pop rap","post-teen pop","r&b",NA,NA,NA,NA,NA,NA,NA,NA,NA,NA,NA,NA,NA,NA
"161","Rich The Kid","1pPmIToKXyGdsCF6LmqLmI","atl hip hop","pop","pop rap","rap","southern hip hop","trap music",NA,NA,NA,NA,NA,NA,NA,NA,NA,NA,NA,NA,NA,NA
"162","CHVRCHES","3CjlHNtplJyTf9npxaPl5w","electropop","indie poptimism","indietronica","metropopolis","modern rock","neo-synthpop","shimmer pop",NA,NA,NA,NA,NA,NA,NA,NA,NA,NA,NA,NA,NA
"163","Rich Brian","2IDLDx25HU1nQMKde4n61a","indonesian hip hop","underground hip hop",NA,NA,NA,NA,NA,NA,NA,NA,NA,NA,NA,NA,NA,NA,NA,NA,NA,NA
"164","Red Velvet","1z4g3DjTBBZKhvAroFlhOM","j-pop girl group","k-pop","k-pop girl group",NA,NA,NA,NA,NA,NA,NA,NA,NA,NA,NA,NA,NA,NA,NA,NA,NA
"165","Rae Sremmurd","7iZtZyCzp3LItcw1wtPI3D","hip hop","pop","pop rap","rap","southern hip hop","trap music",NA,NA,NA,NA,NA,NA,NA,NA,NA,NA,NA,NA,NA,NA
"166","John Legend","5y2Xq6xcjJb2jVM54GHK3t","neo mellow","neo soul","pop","r&b","urban contemporary",NA,NA,NA,NA,NA,NA,NA,NA,NA,NA,NA,NA,NA,NA,NA
"167","Beyoncé","6vWDO969PvNqNYHIOW5v0m","dance pop","pop","r&b",NA,NA,NA,NA,NA,NA,NA,NA,NA,NA,NA,NA,NA,NA,NA,NA,NA
"168","ScHoolboy Q","5IcR3N7QB1j6KBL8eImZ8m","hip hop","pop","pop rap","rap","southern hip hop","trap music","underground hip hop",NA,NA,NA,NA,NA,NA,NA,NA,NA,NA,NA,NA,NA
"169","BlocBoy JB","4TEJudQY2pXxVHPE3gD2EU","hip hop","pop rap","rap","southern hip hop","trap music","vapor trap",NA,NA,NA,NA,NA,NA,NA,NA,NA,NA,NA,NA,NA,NA
"170","Vince Staples","68kEuyFKyqrdQQLLsmiatm","conscious hip hop","escape room","hip hop","pop rap","rap","southern hip hop","underground hip hop",NA,NA,NA,NA,NA,NA,NA,NA,NA,NA,NA,NA,NA
"171","SOB X RBE","2TImI3DW7o5MdRXJs4D37h","cali rap","trap music","vapor trap","west coast trap",NA,NA,NA,NA,NA,NA,NA,NA,NA,NA,NA,NA,NA,NA,NA,NA
"172","Jorja Smith","1CoZyIx7UvdxT5c8UkMzHd","pop","r&b","uk contemporary r&b",NA,NA,NA,NA,NA,NA,NA,NA,NA,NA,NA,NA,NA,NA,NA,NA,NA
"173","Ab-Soul","0g9vAlRPK9Gt3FKCekk4TW","alternative hip hop","conscious hip hop","hip hop","pop rap","rap","southern hip hop","underground hip hop",NA,NA,NA,NA,NA,NA,NA,NA,NA,NA,NA,NA,NA
"174","James Bay","4EzkuveR9pLvDVFNx6foYD","neo mellow","pop",NA,NA,NA,NA,NA,NA,NA,NA,NA,NA,NA,NA,NA,NA,NA,NA,NA,NA
"175","Zacari","3qBKjEOanahMxlRojwCzhI","alternative r&b","gqom",NA,NA,NA,NA,NA,NA,NA,NA,NA,NA,NA,NA,NA,NA,NA,NA,NA,NA
"176","Mozzy","4AA474G2hRfrHyGrfyDseO","cali rap","trap music","west coast trap",NA,NA,NA,NA,NA,NA,NA,NA,NA,NA,NA,NA,NA,NA,NA,NA,NA
"177","MC Loma e As Gêmeas Lacração","6tdM5Njlln7nWkonCppW0u","baile pop","brega funk","funk carioca",NA,NA,NA,NA,NA,NA,NA,NA,NA,NA,NA,NA,NA,NA,NA,NA,NA
"178","Adele","4dpARuHxo51G3z768sgnrY","british soul","pop","uk pop",NA,NA,NA,NA,NA,NA,NA,NA,NA,NA,NA,NA,NA,NA,NA,NA,NA
"179","Christina Perri","7H55rcKCfwqkyDFH9wpKM6","dance pop","neo mellow","pop","post-teen pop","viral pop",NA,NA,NA,NA,NA,NA,NA,NA,NA,NA,NA,NA,NA,NA,NA
"180","Hozier","2FXC3k01G6Gw61bmprjgqS","folk-pop","irish singer-songwriter","pop",NA,NA,NA,NA,NA,NA,NA,NA,NA,NA,NA,NA,NA,NA,NA,NA,NA
"181","Ellie Goulding","0X2BH1fck6amBIoJhDVmmJ","dance pop","electropop","metropopolis","pop","post-teen pop","tropical house",NA,NA,NA,NA,NA,NA,NA,NA,NA,NA,NA,NA,NA,NA
"182","Passenger","0gadJ2b9A4SKsB1RFkBb66","neo mellow","pop",NA,NA,NA,NA,NA,NA,NA,NA,NA,NA,NA,NA,NA,NA,NA,NA,NA,NA
"183","The Goo Goo Dolls","2sil8z5kiy4r76CRTXxBCA","alternative rock","neo mellow","permanent wave","pop rock","post-grunge","rock",NA,NA,NA,NA,NA,NA,NA,NA,NA,NA,NA,NA,NA,NA
"184","Lord Huron","6ltzsmQQbmdoHHbLZ4ZN25","folk-pop","indie folk","indie pop","new americana","stomp and holler",NA,NA,NA,NA,NA,NA,NA,NA,NA,NA,NA,NA,NA,NA,NA
"185","Muse","12Chz98pHFMPJEknJQMWvI","modern rock","permanent wave","piano rock","post-grunge","rock",NA,NA,NA,NA,NA,NA,NA,NA,NA,NA,NA,NA,NA,NA,NA
"186","Frank Ocean","2h93pZq0e7k5yf4dywlkpM","alternative r&b","hip hop","lgbtq+ hip hop","pop","pop rap","r&b","rap",NA,NA,NA,NA,NA,NA,NA,NA,NA,NA,NA,NA,NA
"187","Sofia Reyes","0haZhu4fFKt0Ag94kZDiz2","dance pop","latin","latin pop","mexican pop","pop",NA,NA,NA,NA,NA,NA,NA,NA,NA,NA,NA,NA,NA,NA,NA
"188","Sean Paul","3Isy6kedDrgPYoTS1dazA9","dance pop","dancehall",NA,NA,NA,NA,NA,NA,NA,NA,NA,NA,NA,NA,NA,NA,NA,NA,NA,NA
"189","Reik","0vR2qb8m9WHeZ5ByCbimq2","latin","latin arena pop","latin pop","mexican pop","pop","reggaeton",NA,NA,NA,NA,NA,NA,NA,NA,NA,NA,NA,NA,NA,NA
"190","Tom Walker","7z2avKuuiMAT4XZJFv8Rvh","indie anthem-folk","pop",NA,NA,NA,NA,NA,NA,NA,NA,NA,NA,NA,NA,NA,NA,NA,NA,NA,NA
"191","A$AP Rocky","13ubrt8QOOCPljQ2FL1Kca","east coast hip hop","hip hop","pop","pop rap","rap","southern hip hop","trap music",NA,NA,NA,NA,NA,NA,NA,NA,NA,NA,NA,NA,NA
"192","Glades","14rP13jdQNgQvuPA2AkBgm","australian pop","electropop","indie electro-pop","indie poptimism","metropopolis","vapor soul",NA,NA,NA,NA,NA,NA,NA,NA,NA,NA,NA,NA,NA,NA
"193","5 Seconds of Summer","5Rl15oVamLq7FbSb0NNBNy","boy band","dance pop","pop","post-teen pop",NA,NA,NA,NA,NA,NA,NA,NA,NA,NA,NA,NA,NA,NA,NA,NA
"194","Janelle Monáe","6ueGR6SWhUJfvEhqkvMsVs","alternative r&b","atl hip hop","dance pop","electropop","escape room","neo soul","pop","r&b",NA,NA,NA,NA,NA,NA,NA,NA,NA,NA,NA,NA
"195","Mau y Ricky","2wkoKEfS6dXwThbyTnZWFU","latin","latin pop","pop",NA,NA,NA,NA,NA,NA,NA,NA,NA,NA,NA,NA,NA,NA,NA,NA,NA
"196","Jason Mraz","4phGZZrJZRo4ElhRtViYdl","acoustic pop","neo mellow","pop","pop rock",NA,NA,NA,NA,NA,NA,NA,NA,NA,NA,NA,NA,NA,NA,NA,NA
"197","Nicky Jam","1SupJlEpv7RS2tPNRaHViT","latin","latin hip hop","pop","reggaeton","tropical",NA,NA,NA,NA,NA,NA,NA,NA,NA,NA,NA,NA,NA,NA,NA
"198","Tory Lanez","2jku7tDXc6XoB6MO2hFuqg","canadian hip hop","hip hop","pop","pop rap","rap","southern hip hop","toronto rap","trap music",NA,NA,NA,NA,NA,NA,NA,NA,NA,NA,NA,NA
"199","j-hope","0b1sIQumIAsNbqAoIClSpy","k-hop","k-pop",NA,NA,NA,NA,NA,NA,NA,NA,NA,NA,NA,NA,NA,NA,NA,NA,NA,NA
"200","Meghan Trainor","6JL8zeS1NmiOftqZTRgdTz","dance pop","hip pop","pop","post-teen pop",NA,NA,NA,NA,NA,NA,NA,NA,NA,NA,NA,NA,NA,NA,NA,NA
"201","Swae Lee","1zNqQNIdeOUZHb8zbZRFMX","trap music",NA,NA,NA,NA,NA,NA,NA,NA,NA,NA,NA,NA,NA,NA,NA,NA,NA,NA,NA
"202","Lil Yachty","6icQOAFXDZKsumw3YXyusw","atl hip hop","pop rap","rap","southern hip hop","trap music","underground hip hop",NA,NA,NA,NA,NA,NA,NA,NA,NA,NA,NA,NA,NA,NA
"203","Years & Years","5vBSrE1xujD2FXYRarbAXc","dance pop","gauze pop","pop","tropical house",NA,NA,NA,NA,NA,NA,NA,NA,NA,NA,NA,NA,NA,NA,NA,NA
"204","HRVY","28y6CyJNkGNjJQKrlx4AmN","australian pop","pop","post-teen pop",NA,NA,NA,NA,NA,NA,NA,NA,NA,NA,NA,NA,NA,NA,NA,NA,NA
"205","Dennis Lloyd","3EOEK57CV77D4ovYVcmiyt","israeli pop",NA,NA,NA,NA,NA,NA,NA,NA,NA,NA,NA,NA,NA,NA,NA,NA,NA,NA,NA
"206","King Princess","6beUvFUlKliUYJdLOXNj9C","dance pop","electropop","indie cafe pop","nyc pop","pop",NA,NA,NA,NA,NA,NA,NA,NA,NA,NA,NA,NA,NA,NA,NA
"207","Thomas Rhett","6x2LnllRG5uGarZMsD4iO8","contemporary country","country","country road","modern country rock",NA,NA,NA,NA,NA,NA,NA,NA,NA,NA,NA,NA,NA,NA,NA,NA
"208","Lil Dicky","1tqhsYv8yBBdwANFNzHtcr","pop rap",NA,NA,NA,NA,NA,NA,NA,NA,NA,NA,NA,NA,NA,NA,NA,NA,NA,NA,NA
"209","Sabrina Carpenter","74KM79TiuVKeVCqs8QtB0B","dance pop","pop","post-teen pop","viral pop",NA,NA,NA,NA,NA,NA,NA,NA,NA,NA,NA,NA,NA,NA,NA,NA
"210","Zion & Lennox","21451j1KhjAiaYKflxBjr1","latin","latin hip hop","latin pop","pop","reggaeton","reggaeton flow","tropical",NA,NA,NA,NA,NA,NA,NA,NA,NA,NA,NA,NA,NA
"211","Khea","4m6ubhNsdwF4psNf3R8kwR","argentine hip hop","trap argentino",NA,NA,NA,NA,NA,NA,NA,NA,NA,NA,NA,NA,NA,NA,NA,NA,NA,NA
"212","N.E.R.D","5wPoxI5si3eJsYYwyXV4Wi","hip hop","pop rap","rap",NA,NA,NA,NA,NA,NA,NA,NA,NA,NA,NA,NA,NA,NA,NA,NA,NA
"213","Prince Royce","3MHaV05u0io8fQbZ2XPtlC","bachata","latin","latin pop","pop","tropical",NA,NA,NA,NA,NA,NA,NA,NA,NA,NA,NA,NA,NA,NA,NA
"214","Panic! At The Disco","20JZFwl6HVl6yg8a4H3ZqK","baroque pop","emo","modern rock","pop punk",NA,NA,NA,NA,NA,NA,NA,NA,NA,NA,NA,NA,NA,NA,NA,NA
"215","Diplo","5fMUXHkw8R8eOP2RNVYEZX","bmore","edm","moombahton","ninja","pop",NA,NA,NA,NA,NA,NA,NA,NA,NA,NA,NA,NA,NA,NA,NA
"216","George Ezra","2ysnwxxNtSgbb9t1m2Ur4j","neo-singer-songwriter","pop",NA,NA,NA,NA,NA,NA,NA,NA,NA,NA,NA,NA,NA,NA,NA,NA,NA,NA
"217","Calum Scott","6ydoSd3N2mwgwBHtF6K7eX","australian pop","pop",NA,NA,NA,NA,NA,NA,NA,NA,NA,NA,NA,NA,NA,NA,NA,NA,NA,NA
"218","Madison Beer","2kRfqPViCqYdSGhYSM9R0Q","dance pop","electropop","pop","post-teen pop","r&b",NA,NA,NA,NA,NA,NA,NA,NA,NA,NA,NA,NA,NA,NA,NA
"219","Dan + Shay","7z5WFjZAIYejWy0NI5lv4T","contemporary country",NA,NA,NA,NA,NA,NA,NA,NA,NA,NA,NA,NA,NA,NA,NA,NA,NA,NA,NA
"220","Tyler, The Creator","4V8LLVI7PbaPR0K2TGSxFF","hip hop","rap",NA,NA,NA,NA,NA,NA,NA,NA,NA,NA,NA,NA,NA,NA,NA,NA,NA,NA
"221","Ty Dolla $ign","7c0XG5cIJTrrAgEC3ULPiq","hip hop","pop","pop rap","r&b","rap","trap music",NA,NA,NA,NA,NA,NA,NA,NA,NA,NA,NA,NA,NA,NA
"222","Boef","0Jsk5iYMr5aNjHury7blm1","dutch hip hop",NA,NA,NA,NA,NA,NA,NA,NA,NA,NA,NA,NA,NA,NA,NA,NA,NA,NA,NA
"223","Hayley Kiyoko","3LjhVl7GzYsza1biQjTpaN","dance pop","electropop","indie poptimism","pop","post-teen pop",NA,NA,NA,NA,NA,NA,NA,NA,NA,NA,NA,NA,NA,NA,NA
"224","Ricky Martin","7slfeZO9LsJbWgpkIoXBUJ","dance pop","latin","latin pop","mexican pop","tropical",NA,NA,NA,NA,NA,NA,NA,NA,NA,NA,NA,NA,NA,NA,NA
"225","Zé Neto & Cristiano","487N2T9nIPEHrlTZLL3SQs","sertanejo universitario",NA,NA,NA,NA,NA,NA,NA,NA,NA,NA,NA,NA,NA,NA,NA,NA,NA,NA,NA
"226","AJR","6s22t5Y3prQHyaHWUN1R1C","modern rock","pop",NA,NA,NA,NA,NA,NA,NA,NA,NA,NA,NA,NA,NA,NA,NA,NA,NA,NA
"227","Poo Bear","3JXpwnHbLvXxY99EuXqFPX","deep pop r&b",NA,NA,NA,NA,NA,NA,NA,NA,NA,NA,NA,NA,NA,NA,NA,NA,NA,NA,NA
"228","Thirty Seconds To Mars","0RqtSIYZmd4fiBKVFqyIqD","modern rock","pop punk","post-grunge","rock",NA,NA,NA,NA,NA,NA,NA,NA,NA,NA,NA,NA,NA,NA,NA,NA
"229","Bomba Estéreo","5n9bMYfz9qss2VOW89EVs2","cumbia","latin alternative",NA,NA,NA,NA,NA,NA,NA,NA,NA,NA,NA,NA,NA,NA,NA,NA,NA,NA
"230","NOTD","5jAMCwdNHWr7JThxtMuEyy","australian pop","dance pop","edm","electropop","pop","pop edm","post-teen pop","tropical house",NA,NA,NA,NA,NA,NA,NA,NA,NA,NA,NA,NA
"231","Nicki Minaj","0hCNtLu0JehylgoiP8L4Gh","dance pop","hip pop","pop","pop rap","post-teen pop","rap",NA,NA,NA,NA,NA,NA,NA,NA,NA,NA,NA,NA,NA,NA
"232","Florence + The Machine","1moxjboGR7GNWYIMWsRjgG","baroque pop","chamber pop","folk-pop","pop","uk alternative pop",NA,NA,NA,NA,NA,NA,NA,NA,NA,NA,NA,NA,NA,NA,NA
"233","Young Thug","50co4Is1HCEo8bhOyUWKpn","atl hip hop","atl trap","gangster rap","pop","pop rap","rap","trap music",NA,NA,NA,NA,NA,NA,NA,NA,NA,NA,NA,NA,NA
"234","Nio Garcia","5hdhHgpxyniooUiQVaPxQ0","latin","latin hip hop","reggaeton flow","tropical",NA,NA,NA,NA,NA,NA,NA,NA,NA,NA,NA,NA,NA,NA,NA,NA
"235","Karol G","790FomKkXshlbRYZFtlgla","reggaeton",NA,NA,NA,NA,NA,NA,NA,NA,NA,NA,NA,NA,NA,NA,NA,NA,NA,NA,NA
"236","Jorge & Mateus","1elUiq4X7pxej6FRlrEzjM","sertanejo","sertanejo universitario",NA,NA,NA,NA,NA,NA,NA,NA,NA,NA,NA,NA,NA,NA,NA,NA,NA,NA
"237","Sigala","1IueXOQyABrMOprrzwQJWN","dance pop","edm","pop","tropical house",NA,NA,NA,NA,NA,NA,NA,NA,NA,NA,NA,NA,NA,NA,NA,NA
"238","MC Kekel","2ZXnTEyYopSLCDiz5Z0XIf","funk carioca","funk ostentacao",NA,NA,NA,NA,NA,NA,NA,NA,NA,NA,NA,NA,NA,NA,NA,NA,NA,NA
"239","Leslie Grace","6BeO1KuAWBqFriL1mLHtNc","bachata","latin","latin pop","tropical",NA,NA,NA,NA,NA,NA,NA,NA,NA,NA,NA,NA,NA,NA,NA,NA
"240","Cosculluela","00me4Ke1LsvMxt5kydlMyU","latin","latin hip hop","reggaeton","reggaeton flow","tropical",NA,NA,NA,NA,NA,NA,NA,NA,NA,NA,NA,NA,NA,NA,NA
"241","J. Cole","6l3HvQ5sa6mXTsMTB19rO5","conscious hip hop","nc hip hop","pop rap","rap",NA,NA,NA,NA,NA,NA,NA,NA,NA,NA,NA,NA,NA,NA,NA,NA
"242","Ariana Grande","66CXWjxzNUsdJxJ2JdwvnR","dance pop","pop","post-teen pop",NA,NA,NA,NA,NA,NA,NA,NA,NA,NA,NA,NA,NA,NA,NA,NA,NA
"243","Anne-Marie","1zNqDE7qDGCsyzJwohVaoX","dance pop","edm","pop","post-teen pop","tropical house","uk pop",NA,NA,NA,NA,NA,NA,NA,NA,NA,NA,NA,NA,NA,NA
"244","Billie Eilish","6qqNVTkY8uBg9cP3Jd7DAH","electropop","pop",NA,NA,NA,NA,NA,NA,NA,NA,NA,NA,NA,NA,NA,NA,NA,NA,NA,NA
"245","Capo Plaza","5SulO4l40qDuV9zUGLZx7n","italian hip hop",NA,NA,NA,NA,NA,NA,NA,NA,NA,NA,NA,NA,NA,NA,NA,NA,NA,NA,NA
"246","Seeb","5iNrZmtVMtYev5M9yoWpEq","dance pop","edm","norwegian pop","pop","pop edm","tropical house",NA,NA,NA,NA,NA,NA,NA,NA,NA,NA,NA,NA,NA,NA
"247","Tim Berg","7iLc4hrjOjQPfg1E3cCHg1","big room","edm","progressive electro house",NA,NA,NA,NA,NA,NA,NA,NA,NA,NA,NA,NA,NA,NA,NA,NA,NA
"248","Leona Lewis","5lKZWd6HiSCLfnDGrq9RAm","australian pop","british soul","dance pop","europop","pop","post-teen pop","r&b","talent show","uk pop",NA,NA,NA,NA,NA,NA,NA,NA,NA,NA,NA
"249","Banx & Ranx","2uFC1dAj5b0YU7vulKNZ0p","basshall",NA,NA,NA,NA,NA,NA,NA,NA,NA,NA,NA,NA,NA,NA,NA,NA,NA,NA,NA
"250","Mason Ramsey","6xvpfMjWTougrRRtK7iikz","country",NA,NA,NA,NA,NA,NA,NA,NA,NA,NA,NA,NA,NA,NA,NA,NA,NA,NA,NA
"251","Capital Bra","4WZGDpNwrC0vNQyl9QzF7d","german hip hop",NA,NA,NA,NA,NA,NA,NA,NA,NA,NA,NA,NA,NA,NA,NA,NA,NA,NA,NA
"252","Gzuz","5eioJDe26lOqkAMbuhzZYs","deep german hip hop","german hip hop","hamburg hip hop",NA,NA,NA,NA,NA,NA,NA,NA,NA,NA,NA,NA,NA,NA,NA,NA,NA
"253","MC MM","3a5ydeAaojKa3CHWe5PVWK","baile pop","funk carioca","funk ostentacao",NA,NA,NA,NA,NA,NA,NA,NA,NA,NA,NA,NA,NA,NA,NA,NA,NA
"254","MC WM","14D0I0RYqvIorkPL2EWoQh","baile pop","funk carioca","funk ostentacao",NA,NA,NA,NA,NA,NA,NA,NA,NA,NA,NA,NA,NA,NA,NA,NA,NA
"255","Kanye West","5K4W6rqBFWDnAN6FQUkS6x","chicago rap","hip hop","pop rap","rap",NA,NA,NA,NA,NA,NA,NA,NA,NA,NA,NA,NA,NA,NA,NA,NA
"256","Paulo Londra","3vQ0GE3mI0dAaxIMYe5g7z","argentine hip hop","trap argentino","trap latino",NA,NA,NA,NA,NA,NA,NA,NA,NA,NA,NA,NA,NA,NA,NA,NA,NA
"257","Charlie Charles","1UCxzrM5WJh9ure5vCcsim","italian hip hop",NA,NA,NA,NA,NA,NA,NA,NA,NA,NA,NA,NA,NA,NA,NA,NA,NA,NA,NA
"258","Christina Aguilera","1l7ZsJRRS8wlW3WfJfPfNS","dance pop","europop","pop","post-teen pop","r&b",NA,NA,NA,NA,NA,NA,NA,NA,NA,NA,NA,NA,NA,NA,NA
"259","Jess Glynne","4ScCswdRlyA23odg9thgIO","dance pop","pop","post-teen pop","tropical house","uk pop",NA,NA,NA,NA,NA,NA,NA,NA,NA,NA,NA,NA,NA,NA,NA
"260","J-AX","2iK8weavvfS2xJCmzNzNE5","italian arena pop","italian hip hop","italian pop",NA,NA,NA,NA,NA,NA,NA,NA,NA,NA,NA,NA,NA,NA,NA,NA,NA
"261","Alvaro Soler","2urF8dgLVfDjunO0pcHUEe","latin pop",NA,NA,NA,NA,NA,NA,NA,NA,NA,NA,NA,NA,NA,NA,NA,NA,NA,NA,NA
"262","Arctic Monkeys","7Ln80lUS6He07XvHI8qqHH","garage rock","indie rock","modern rock","permanent wave","rock","sheffield indie",NA,NA,NA,NA,NA,NA,NA,NA,NA,NA,NA,NA,NA,NA
"263","John Mayer","0hEurMDQu99nJRq8pTxO14","neo mellow","pop","pop rock","singer-songwriter",NA,NA,NA,NA,NA,NA,NA,NA,NA,NA,NA,NA,NA,NA,NA,NA
"264","Playboi Carti","699OTQXzgjhIYAHMy9RyPD","atl hip hop","hip hop","pop","pop rap","rap","trap music","underground hip hop",NA,NA,NA,NA,NA,NA,NA,NA,NA,NA,NA,NA,NA
"265","Bastille","7EQ0qTo7fWT7DPxmxtSYEc","metropopolis","modern rock","pop","tropical house",NA,NA,NA,NA,NA,NA,NA,NA,NA,NA,NA,NA,NA,NA,NA,NA
"266","Dark Polo Gang","4CuMwzDzEdlUJMEna38VQ0","italian alternative","italian hip hop","trap italiana",NA,NA,NA,NA,NA,NA,NA,NA,NA,NA,NA,NA,NA,NA,NA,NA,NA
"267","Juice WRLD","4MCBfE4596Uoi2O4DtmEMz","chicago rap","trap music",NA,NA,NA,NA,NA,NA,NA,NA,NA,NA,NA,NA,NA,NA,NA,NA,NA,NA
"268","Netta","4Z4afeDmHFxPmJorIwupbZ","eurovision","israeli pop",NA,NA,NA,NA,NA,NA,NA,NA,NA,NA,NA,NA,NA,NA,NA,NA,NA,NA
"269","Eleni Foureira","39E15l8zeCDYpSZwFNX4G2","eurovision","greek pop","laiko",NA,NA,NA,NA,NA,NA,NA,NA,NA,NA,NA,NA,NA,NA,NA,NA,NA
"270","Mikolas Josef","6Kz7MXIUFMtp5Ts91lagtR","czech pop","eurovision",NA,NA,NA,NA,NA,NA,NA,NA,NA,NA,NA,NA,NA,NA,NA,NA,NA,NA
"271","Michael Schulte","21aa4pj9BvbFB2iT8kRpnq","german pop","indie cafe pop","viral pop",NA,NA,NA,NA,NA,NA,NA,NA,NA,NA,NA,NA,NA,NA,NA,NA,NA
"272","Kane Brown","3oSJ7TBVCWMDMiYjXNiCKE","contemporary country","country road",NA,NA,NA,NA,NA,NA,NA,NA,NA,NA,NA,NA,NA,NA,NA,NA,NA,NA
"273","Benjamin Ingrosso","7jEEE187pVG6InOxn03oA5","swedish pop",NA,NA,NA,NA,NA,NA,NA,NA,NA,NA,NA,NA,NA,NA,NA,NA,NA,NA,NA
"274","Tee Grizzley","6AUl0ykLLpvTktob97x9hO","detroit hip hop","detroit trap","hip hop","pop rap","rap","southern hip hop","trap music",NA,NA,NA,NA,NA,NA,NA,NA,NA,NA,NA,NA,NA
"275","Lil Baby","5f7VJjfbwm532GiveGC0ZK","atl hip hop","atl trap","rap","trap music",NA,NA,NA,NA,NA,NA,NA,NA,NA,NA,NA,NA,NA,NA,NA,NA
"276","Luis Miguel","2nszmSgqreHSdJA3zWPyrW","bolero","latin","latin pop",NA,NA,NA,NA,NA,NA,NA,NA,NA,NA,NA,NA,NA,NA,NA,NA,NA
"277","Tiësto","2o5jDhtHVPhrJdv3cEQ99Z","big room","brostep","dance pop","edm","electro house","house","pop","trance","tropical house",NA,NA,NA,NA,NA,NA,NA,NA,NA,NA,NA
"278","OneRepublic","5Pwc4xIPtQLFEnJriah9YJ","dance pop","neo mellow","piano rock","pop","pop rap","pop rock","post-teen pop",NA,NA,NA,NA,NA,NA,NA,NA,NA,NA,NA,NA,NA
"279","Tyga","5LHRHt1k9lMyONurDHEdrp","pop","pop rap","rap","trap music",NA,NA,NA,NA,NA,NA,NA,NA,NA,NA,NA,NA,NA,NA,NA,NA
"280","Jennifer Lopez","2DlGxzQSjYe5N6G9nkYghR","dance pop","pop","pop rap","post-teen pop","r&b","urban contemporary",NA,NA,NA,NA,NA,NA,NA,NA,NA,NA,NA,NA,NA,NA
"281","Aldair Playboy","6LjdKBMnP1Da8Oe6WhrN56","brega funk","forro","funk carioca","sertanejo pop",NA,NA,NA,NA,NA,NA,NA,NA,NA,NA,NA,NA,NA,NA,NA,NA
"282","Loud Luxury","6t1gpxYbY8OlLA7D2RiikQ","dance pop","edm","house","pop","tropical house",NA,NA,NA,NA,NA,NA,NA,NA,NA,NA,NA,NA,NA,NA,NA
"283","Pusha T","0ONHkAv9pCAFxb0zJwDNTy","gangster rap","hip hop","pop rap","rap","southern hip hop","trap music","underground hip hop",NA,NA,NA,NA,NA,NA,NA,NA,NA,NA,NA,NA,NA
"284","Matheus & Kauan","2Z0lRIqr997lIUiPtrpKCr","pop nacional","sertanejo universitario",NA,NA,NA,NA,NA,NA,NA,NA,NA,NA,NA,NA,NA,NA,NA,NA,NA,NA
"285","Wesley Safadão","1AL2GKpmRrKXkYIcASuRFa","forro","funk carioca",NA,NA,NA,NA,NA,NA,NA,NA,NA,NA,NA,NA,NA,NA,NA,NA,NA,NA
"286","The 1975","3mIj9lX2MWuHmhNCA7LSCW","modern alternative rock","nu gaze","pop","shiver pop",NA,NA,NA,NA,NA,NA,NA,NA,NA,NA,NA,NA,NA,NA,NA,NA
"287","Gorillaz","3AA28KZvwAUcZuOKwyblJQ","alternative hip hop","art pop",NA,NA,NA,NA,NA,NA,NA,NA,NA,NA,NA,NA,NA,NA,NA,NA,NA,NA
"288","Charli XCX","25uiPmTg16RbhZWAqwLBy5","candy pop","dance pop","electropop","metropopolis","pop","post-teen pop","r&b","tropical house",NA,NA,NA,NA,NA,NA,NA,NA,NA,NA,NA,NA
"289","Florida Georgia Line","3b8QkneNDz4JHKKKlLgYZg","contemporary country","country","country pop","country road","modern country rock",NA,NA,NA,NA,NA,NA,NA,NA,NA,NA,NA,NA,NA,NA,NA
"290","KIDS SEE GHOSTS","2hPgGN4uhvXAxiXQBIXOmE","hip hop","pop rap","rap",NA,NA,NA,NA,NA,NA,NA,NA,NA,NA,NA,NA,NA,NA,NA,NA,NA
"291","Summer Cem","3drqpTL4sQOckmAfF9i1wg","german hip hop",NA,NA,NA,NA,NA,NA,NA,NA,NA,NA,NA,NA,NA,NA,NA,NA,NA,NA,NA
"292","MC Bruninho","3shPgAzHMyRwWOkXeoWKeB","brega funk","funk carioca","funk ostentacao",NA,NA,NA,NA,NA,NA,NA,NA,NA,NA,NA,NA,NA,NA,NA,NA,NA
"293","Louis The Child","7wg1qvie3KqDNQbAkTdbX0","edm","electropop","indie poptimism","pop","tropical house","vapor soul",NA,NA,NA,NA,NA,NA,NA,NA,NA,NA,NA,NA,NA,NA
"294","Damso","2UwqpfQtNuhBwviIC0f2ie","belgian hip hop","french hip hop","rap conscient","trap francais",NA,NA,NA,NA,NA,NA,NA,NA,NA,NA,NA,NA,NA,NA,NA,NA
"295","2 Chainz","17lzZA2AlOHwCwFALHttmp","atl hip hop","hip hop","pop","pop rap","rap","southern hip hop","trap music",NA,NA,NA,NA,NA,NA,NA,NA,NA,NA,NA,NA,NA
"296","BLACKPINK","41MozSoPIsD1dJM0CLPjZF","j-pop girl group","k-pop","k-pop girl group",NA,NA,NA,NA,NA,NA,NA,NA,NA,NA,NA,NA,NA,NA,NA,NA,NA
"297","Alessia Cara","2wUjUUtkb5lvLKcGKsKqsR","canadian contemporary r&b","dance pop","pop","post-teen pop","r&b",NA,NA,NA,NA,NA,NA,NA,NA,NA,NA,NA,NA,NA,NA,NA
"298","Nas","20qISvAhX20dpIbOOzGK3q","conscious hip hop","east coast hip hop","gangster rap","hardcore hip hop","hip hop","pop rap","rap",NA,NA,NA,NA,NA,NA,NA,NA,NA,NA,NA,NA,NA
"299","Ella Mai","7HkdQ0gt53LP4zmHsL0nap","pop","post-teen pop","r&b","uk contemporary r&b",NA,NA,NA,NA,NA,NA,NA,NA,NA,NA,NA,NA,NA,NA,NA,NA
"300","The Carters","4fpTMHe34LC5t3h5ztK8qu","pop","pop rap","r&b","urban contemporary",NA,NA,NA,NA,NA,NA,NA,NA,NA,NA,NA,NA,NA,NA,NA,NA
"301","Noah Cyrus","55fhWPvDiMpLnE4ZzNXZyW","dance pop","pop","post-teen pop",NA,NA,NA,NA,NA,NA,NA,NA,NA,NA,NA,NA,NA,NA,NA,NA,NA
"302","PNL","3NH8t45zOTqzlZgBvZRjvB","french hip hop","trap francais",NA,NA,NA,NA,NA,NA,NA,NA,NA,NA,NA,NA,NA,NA,NA,NA,NA,NA
"303","Ludmilla","3CDoRporvSjdzTrm99a3gi","baile pop","funk carioca","funk das antigas",NA,NA,NA,NA,NA,NA,NA,NA,NA,NA,NA,NA,NA,NA,NA,NA,NA
"304","Alec Benjamin","5IH6FPUwQTxPSXurCrcIov","pop",NA,NA,NA,NA,NA,NA,NA,NA,NA,NA,NA,NA,NA,NA,NA,NA,NA,NA,NA
"305","YG","0A0FS04o6zMoto8OKPsDwY","cali rap","hip hop","pop","pop rap","rap","southern hip hop","trap music",NA,NA,NA,NA,NA,NA,NA,NA,NA,NA,NA,NA,NA
"306","Brytiago","00XhexlJEXQstHimpZN910","latin","reggaeton flow","trap latino","tropical",NA,NA,NA,NA,NA,NA,NA,NA,NA,NA,NA,NA,NA,NA,NA,NA
"307","Miley Cyrus","5YGY8feqx7naU7z4HrwZM6","dance pop","pop","post-teen pop",NA,NA,NA,NA,NA,NA,NA,NA,NA,NA,NA,NA,NA,NA,NA,NA,NA
"308","Twenty One Pilots","3YQKmKGau1PzlVlkL1iodx","pop punk","rock",NA,NA,NA,NA,NA,NA,NA,NA,NA,NA,NA,NA,NA,NA,NA,NA,NA,NA
"309","OMI","5MouCg6ta7zAxsfMEbc1uh","dance pop","tropical house",NA,NA,NA,NA,NA,NA,NA,NA,NA,NA,NA,NA,NA,NA,NA,NA,NA,NA
"310","Dynoro","3v6Ji4uoWtKRkhuDUaxi9n","edm","tropical house",NA,NA,NA,NA,NA,NA,NA,NA,NA,NA,NA,NA,NA,NA,NA,NA,NA,NA
"311","Bushido","3c96G4d2lUOxhomM2mby5S","deep german hip hop","german hip hop",NA,NA,NA,NA,NA,NA,NA,NA,NA,NA,NA,NA,NA,NA,NA,NA,NA,NA
"312","Meek Mill","20sxb77xiYeusSH8cVdatc","hip hop","philly rap","pop","pop rap","rap","southern hip hop","trap music",NA,NA,NA,NA,NA,NA,NA,NA,NA,NA,NA,NA,NA
"313","Justin Quiles","14zUHaJZo1mnYtn6IBRaRP","latin","reggaeton","reggaeton flow","tropical",NA,NA,NA,NA,NA,NA,NA,NA,NA,NA,NA,NA,NA,NA,NA,NA
"314","benny blanco","5CiGnKThu5ctn9pBxv7DGa","dance pop","edm","pop","post-teen pop","tropical house",NA,NA,NA,NA,NA,NA,NA,NA,NA,NA,NA,NA,NA,NA,NA
"315","Wiz Khalifa","137W8MRPWKqSmrBGDBFSop","hip hop","pittsburgh rap","pop","pop rap","rap","southern hip hop","trap music",NA,NA,NA,NA,NA,NA,NA,NA,NA,NA,NA,NA,NA
"316","MØ","0bdfiayQAKewqEvaU6rXCv","dance pop","danish pop","electropop","pop","tropical house",NA,NA,NA,NA,NA,NA,NA,NA,NA,NA,NA,NA,NA,NA,NA
"317","Vance Joy","10exVja0key0uqUkk6LJRT","indie folk","modern rock","neo mellow","pop",NA,NA,NA,NA,NA,NA,NA,NA,NA,NA,NA,NA,NA,NA,NA,NA
"318","Thalía","23wEWD21D4TPYiJugoXmYb","dance pop","latin","latin pop","mexican pop","pop","tropical",NA,NA,NA,NA,NA,NA,NA,NA,NA,NA,NA,NA,NA,NA
"319","Chance the Rapper","1anyVhU62p31KFi8MEzkbf","chicago rap","conscious hip hop","hip hop","pop rap","rap",NA,NA,NA,NA,NA,NA,NA,NA,NA,NA,NA,NA,NA,NA,NA
"320","Alex Rose","2DspEsT7UXGKd2VaaedgG4","reggaeton flow","trap latino",NA,NA,NA,NA,NA,NA,NA,NA,NA,NA,NA,NA,NA,NA,NA,NA,NA,NA
"321","Rvssian","1fctva4kpRbg2k3v7kwRuS","latin hip hop","reggaeton flow","trap latino",NA,NA,NA,NA,NA,NA,NA,NA,NA,NA,NA,NA,NA,NA,NA,NA,NA
"322","LANY","49tQo2QULno7gxHutgccqF","la pop","pop",NA,NA,NA,NA,NA,NA,NA,NA,NA,NA,NA,NA,NA,NA,NA,NA,NA,NA
"323","El Profesor","2gTcdmBwgyh3EORKIXCzlw","house",NA,NA,NA,NA,NA,NA,NA,NA,NA,NA,NA,NA,NA,NA,NA,NA,NA,NA,NA
"324","Dean Lewis","3QSQFmccmX81fWCUSPTS7y","australian pop","pop",NA,NA,NA,NA,NA,NA,NA,NA,NA,NA,NA,NA,NA,NA,NA,NA,NA,NA
"325","Anuel AA","2R21vXR83lH98kGeO99Y66","reggaeton flow","trap latino",NA,NA,NA,NA,NA,NA,NA,NA,NA,NA,NA,NA,NA,NA,NA,NA,NA,NA
"326","Aitana","7eLcDZDYHXZCebtQmVFL25","latin pop","latin talent show","spanish pop",NA,NA,NA,NA,NA,NA,NA,NA,NA,NA,NA,NA,NA,NA,NA,NA,NA
"327","Kris Kross Amsterdam","4LcUpNlXFEleaLlelmkv2R","dutch house","dutch pop","tropical house",NA,NA,NA,NA,NA,NA,NA,NA,NA,NA,NA,NA,NA,NA,NA,NA,NA
"328","DJ Durel","1MHslxKWxauC559dXYEX1C","trap music",NA,NA,NA,NA,NA,NA,NA,NA,NA,NA,NA,NA,NA,NA,NA,NA,NA,NA,NA
"329","Bonez MC","1aS5tqEs9ci5P9KD9tZWa6","german hip hop","hamburg hip hop",NA,NA,NA,NA,NA,NA,NA,NA,NA,NA,NA,NA,NA,NA,NA,NA,NA,NA
"330","Robyn","6UE7nl9mha6s8z0wFQFIZ2","dance pop","electropop","pop","scandipop","swedish electropop","swedish pop","tropical house",NA,NA,NA,NA,NA,NA,NA,NA,NA,NA,NA,NA,NA
"331","Mac Miller","4LLpKhyESsyAXpc4laK94U","hip hop","pittsburgh rap","pop rap","rap",NA,NA,NA,NA,NA,NA,NA,NA,NA,NA,NA,NA,NA,NA,NA,NA
"332","Trippie Redd","6Xgp2XMz1fhVYe7i6yNAax","rap","trap music",NA,NA,NA,NA,NA,NA,NA,NA,NA,NA,NA,NA,NA,NA,NA,NA,NA,NA
"333","Smokepurpp","21dooacK2WGBB5amYvKyfM","miami hip hop","rap","southern hip hop","trap music","underground hip hop","vapor trap",NA,NA,NA,NA,NA,NA,NA,NA,NA,NA,NA,NA,NA,NA
"334","Quavo","0VRj0yCOv2FXJNP47XQnx5","atl hip hop","hip hop","pop","pop rap","rap","southern hip hop","trap music",NA,NA,NA,NA,NA,NA,NA,NA,NA,NA,NA,NA,NA
"335","Gryffin","2ZRQcIgzPCVaT9XKhXZIzh","dance pop","edm","electro house","pop","pop edm","tropical house",NA,NA,NA,NA,NA,NA,NA,NA,NA,NA,NA,NA,NA,NA
"336","Sheck Wes","2RDOrhPqAM4jzTRCEb19qX","rap","trap music","underground hip hop","vapor trap",NA,NA,NA,NA,NA,NA,NA,NA,NA,NA,NA,NA,NA,NA,NA,NA
"337","Armin van Buuren","0SfsnGyD8FpIN4U4WCkBZ5","edm","progressive house","progressive trance","trance",NA,NA,NA,NA,NA,NA,NA,NA,NA,NA,NA,NA,NA,NA,NA,NA
"338","Aretha Franklin","7nwUJBm0HE4ZxD3f5cy5ok","classic soul","jazz blues","memphis soul","soul","southern soul",NA,NA,NA,NA,NA,NA,NA,NA,NA,NA,NA,NA,NA,NA,NA
"339","Lele Pons","6i3DxIlAqnDkwELLw4aVrx","viral pop",NA,NA,NA,NA,NA,NA,NA,NA,NA,NA,NA,NA,NA,NA,NA,NA,NA,NA,NA
"340","a-ha","2jzc5TC5TVFLXQlBNiIUzE","dance rock","new romantic","new wave","new wave pop","permanent wave","soft rock","synthpop",NA,NA,NA,NA,NA,NA,NA,NA,NA,NA,NA,NA,NA
"341","Bring Me The Horizon","1Ffb6ejR6Fe5IamqA5oRUF","melodic metalcore","metalcore","rock","screamo","uk metalcore",NA,NA,NA,NA,NA,NA,NA,NA,NA,NA,NA,NA,NA,NA,NA
"342","Nick Jonas","4Rxn7Im3LGfyRkY2FlHhWi","dance pop","pop","post-teen pop","viral pop",NA,NA,NA,NA,NA,NA,NA,NA,NA,NA,NA,NA,NA,NA,NA,NA
"343","Bas","70gP6Ry4Uo0Yx6uzPIdaiJ","hip hop","pop rap","rap","southern hip hop","underground hip hop",NA,NA,NA,NA,NA,NA,NA,NA,NA,NA,NA,NA,NA,NA,NA
"344","Bryce Vine","1ShZZUjkbXCjhwrb18BA8I","pop","pop rap",NA,NA,NA,NA,NA,NA,NA,NA,NA,NA,NA,NA,NA,NA,NA,NA,NA,NA
"345","Why Don't We","2jnIB6XdLvnJUeNTy5A0J2","boy band","dance pop","pop","post-teen pop","teen pop",NA,NA,NA,NA,NA,NA,NA,NA,NA,NA,NA,NA,NA,NA,NA
"346","Alesso","4AVFqumd2ogHFlRbKIjp1t","big room","dance pop","edm","electro house","pop","progressive electro house","tropical house",NA,NA,NA,NA,NA,NA,NA,NA,NA,NA,NA,NA,NA
"347","Lil Mosey","5zctI4wO9XSKS8XwcnqEHk","rap conscient","trap music","vapor trap",NA,NA,NA,NA,NA,NA,NA,NA,NA,NA,NA,NA,NA,NA,NA,NA,NA
"348","Social House","5UjifI1TYefXWn9GdqDOHl","pop rap",NA,NA,NA,NA,NA,NA,NA,NA,NA,NA,NA,NA,NA,NA,NA,NA,NA,NA,NA
"349","Silk City","2X97ZAqRKRMYFIDqtvGgGc","edm","house","tropical house",NA,NA,NA,NA,NA,NA,NA,NA,NA,NA,NA,NA,NA,NA,NA,NA,NA
"350","Russ","1z7b1Pr1rSlvWRzsW3HOrS","pop","rap",NA,NA,NA,NA,NA,NA,NA,NA,NA,NA,NA,NA,NA,NA,NA,NA,NA,NA
"351","Frenna","6m1LYS5NQonxjOcQFPQOb5","dutch hip hop","dutch pop",NA,NA,NA,NA,NA,NA,NA,NA,NA,NA,NA,NA,NA,NA,NA,NA,NA,NA
"352","Lukas Graham","25u4wHJWxCA9vO0CzxAbK7","danish pop","pop","scandipop",NA,NA,NA,NA,NA,NA,NA,NA,NA,NA,NA,NA,NA,NA,NA,NA,NA
"353","Steve Aoki","77AiFEVeAVj2ORpC85QVJs","big room","dance pop","edm","electro house","pop","tropical house",NA,NA,NA,NA,NA,NA,NA,NA,NA,NA,NA,NA,NA,NA
"354","Flipp Dinero","2HUwZ0kumzCSlhFcjFZfpp","rap","trap music","underground hip hop","vapor trap",NA,NA,NA,NA,NA,NA,NA,NA,NA,NA,NA,NA,NA,NA,NA,NA
"355","Gue Pequeno","7F2utINZ6tSokSiZTQBE27","italian hip hop",NA,NA,NA,NA,NA,NA,NA,NA,NA,NA,NA,NA,NA,NA,NA,NA,NA,NA,NA
"356","Joji","3MZsBdqDrRTJihTHQrO6Dq","alternative r&b","viral pop",NA,NA,NA,NA,NA,NA,NA,NA,NA,NA,NA,NA,NA,NA,NA,NA,NA,NA
"357","Lana Del Rey","00FQb4jTyendYWaN8pK0wa","dance pop","pop",NA,NA,NA,NA,NA,NA,NA,NA,NA,NA,NA,NA,NA,NA,NA,NA,NA,NA
"358","6LACK","4IVAbR2w4JJNJDDRFP3E83","alternative r&b","atl hip hop","hip hop","pop","pop rap","rap","trap music",NA,NA,NA,NA,NA,NA,NA,NA,NA,NA,NA,NA,NA
"359","Loredana","2Im8m4STDBosjfmb5hmP80","german hip hop",NA,NA,NA,NA,NA,NA,NA,NA,NA,NA,NA,NA,NA,NA,NA,NA,NA,NA,NA
"360","Marília Mendonça","1yR65psqiazQpeM79CcGh8","sertanejo",NA,NA,NA,NA,NA,NA,NA,NA,NA,NA,NA,NA,NA,NA,NA,NA,NA,NA,NA
"361","GASHI","0JOxt5QOwq0czoJxvSc5hS","trap music","trap soul",NA,NA,NA,NA,NA,NA,NA,NA,NA,NA,NA,NA,NA,NA,NA,NA,NA,NA
"362","Aminé","3Gm5F95VdRxW3mqCn8RPBJ","hip hop","pop","pop rap","portland hip hop","rap",NA,NA,NA,NA,NA,NA,NA,NA,NA,NA,NA,NA,NA,NA,NA
"363","Lil Peep","2kCcBybjl3SAtIcwdWpUe3","emo rap","lgbtq+ hip hop",NA,NA,NA,NA,NA,NA,NA,NA,NA,NA,NA,NA,NA,NA,NA,NA,NA,NA
"364","Salmo","3hBQ4zniNdQf1cqqo6hzuW","italian hip hop","italian underground hip hop","rap sardegna",NA,NA,NA,NA,NA,NA,NA,NA,NA,NA,NA,NA,NA,NA,NA,NA,NA
"365","Mumford & Sons","3gd8FJtBJtkRxdfbTu19U2","modern rock","stomp and holler","uk americana",NA,NA,NA,NA,NA,NA,NA,NA,NA,NA,NA,NA,NA,NA,NA,NA,NA
"366","Farid Bang","2JwyRtuXf2l6sTnSnGVIa1","german hip hop",NA,NA,NA,NA,NA,NA,NA,NA,NA,NA,NA,NA,NA,NA,NA,NA,NA,NA,NA
"367","BROCKHAMPTON","1Bl6wpkWCQ4KVgnASpvzzA","boy band","hip hop","pop rap","rap",NA,NA,NA,NA,NA,NA,NA,NA,NA,NA,NA,NA,NA,NA,NA,NA
"368","Avril Lavigne","0p4nmQO2msCgU4IF37Wi3j","canadian pop","candy pop","dance pop","pop","post-teen pop",NA,NA,NA,NA,NA,NA,NA,NA,NA,NA,NA,NA,NA,NA,NA
"369","Veysel","4VuARVJiWGsH2msKTdsKdQ","albanian hip hop","german hip hop",NA,NA,NA,NA,NA,NA,NA,NA,NA,NA,NA,NA,NA,NA,NA,NA,NA,NA
"370","Ava Max","4npEfmQ6YuiwW1GpUmaq3F","dance pop","pop","post-teen pop",NA,NA,NA,NA,NA,NA,NA,NA,NA,NA,NA,NA,NA,NA,NA,NA,NA
"371","Lil Wayne","55Aa2cqylxrFIXC767Z865","hip hop","new orleans rap","pop","pop rap","rap","trap music",NA,NA,NA,NA,NA,NA,NA,NA,NA,NA,NA,NA,NA,NA
"372","Lady Gaga","1HY2Jd0NmPuamShAr6KMms","dance pop","pop",NA,NA,NA,NA,NA,NA,NA,NA,NA,NA,NA,NA,NA,NA,NA,NA,NA,NA
"373","Lauren Daigle","40LHVA5BTQp9RxHOQ9JPYj","ccm","christian music","worship",NA,NA,NA,NA,NA,NA,NA,NA,NA,NA,NA,NA,NA,NA,NA,NA,NA
"374","Anderson .Paak","3jK9MiCrA42lLAdMGUZpwa","escape room",NA,NA,NA,NA,NA,NA,NA,NA,NA,NA,NA,NA,NA,NA,NA,NA,NA,NA,NA
"375","Gunna","2hlmm7s2ICUX0LVIhVFlZQ","atl hip hop","rap","southern hip hop","trap music",NA,NA,NA,NA,NA,NA,NA,NA,NA,NA,NA,NA,NA,NA,NA,NA
"376","Bryant Myers","6w9ToX5slZ4uIdmD17hJ3c","latin","reggaeton flow","trap latino","tropical",NA,NA,NA,NA,NA,NA,NA,NA,NA,NA,NA,NA,NA,NA,NA,NA
"377","Marc Anthony","4wLXwxDeWQ8mtUIRPxGiD6","latin","latin pop","modern salsa","salsa","tropical",NA,NA,NA,NA,NA,NA,NA,NA,NA,NA,NA,NA,NA,NA,NA
"378","Kevin Roldan","1RBzGO6Nm3uyhUSxP7EDWO","latin","latin hip hop","reggaeton","reggaeton flow","tropical",NA,NA,NA,NA,NA,NA,NA,NA,NA,NA,NA,NA,NA,NA,NA
"379","Little Mix","3e7awlrlDSwF3iM0WBjGMp","dance pop","girl group","pop","post-teen pop","r&b","talent show","uk pop",NA,NA,NA,NA,NA,NA,NA,NA,NA,NA,NA,NA,NA
"380","Zara Larsson","1Xylc3o4UrD53lo9CvFvVg","dance pop","edm","electropop","pop","post-teen pop","r&b","scandipop","swedish electropop","swedish pop","tropical house",NA,NA,NA,NA,NA,NA,NA,NA,NA,NA
"381","KitschKrieg","5tHiL8SKSaZGMBUPIiSmX4","german hip hop",NA,NA,NA,NA,NA,NA,NA,NA,NA,NA,NA,NA,NA,NA,NA,NA,NA,NA,NA
"382","RM","2auC28zjQyVTsiZKNgPRGs","k-hop","k-pop",NA,NA,NA,NA,NA,NA,NA,NA,NA,NA,NA,NA,NA,NA,NA,NA,NA,NA
"383","Lauren Jauregui","3J0BpFVUc9LeOIVeN5uNhU","post-teen pop","r&b",NA,NA,NA,NA,NA,NA,NA,NA,NA,NA,NA,NA,NA,NA,NA,NA,NA,NA
"384","Normani","2cWZOOzeOm4WmBJRnD5R7I","pop","post-teen pop","r&b",NA,NA,NA,NA,NA,NA,NA,NA,NA,NA,NA,NA,NA,NA,NA,NA,NA
"385","Takeoff","3EW0kQ1skZiK1NHg3Spt9J","atl hip hop","hip hop","pop rap","rap","southern hip hop","trap music",NA,NA,NA,NA,NA,NA,NA,NA,NA,NA,NA,NA,NA,NA
"386","Felipe Araújo","47uyFQHOD02S0lj9ptRpoB","funk carioca","sertanejo pop","sertanejo universitario",NA,NA,NA,NA,NA,NA,NA,NA,NA,NA,NA,NA,NA,NA,NA,NA,NA
"387","Morat","5C4PDR4LnhZTbVnKWXuDKD","colombian pop","latin pop",NA,NA,NA,NA,NA,NA,NA,NA,NA,NA,NA,NA,NA,NA,NA,NA,NA,NA
"388","Luciano","3CJKkU0XuElRT1z8rEtIYg","german hip hop",NA,NA,NA,NA,NA,NA,NA,NA,NA,NA,NA,NA,NA,NA,NA,NA,NA,NA,NA
"389","Ray Parker, Jr.","0NyzfcGDZZ6GM25EBG9BYK","disco","funk","post-disco","quiet storm",NA,NA,NA,NA,NA,NA,NA,NA,NA,NA,NA,NA,NA,NA,NA,NA
"390","Bobby ""Boris"" Pickett","42MRYPhQfcEXqb18dl5ERX","halloween",NA,NA,NA,NA,NA,NA,NA,NA,NA,NA,NA,NA,NA,NA,NA,NA,NA,NA,NA
"391","Rihanna","5pKCCKE2ajJHZ9KAiaK11H","dance pop","pop","post-teen pop","r&b","urban contemporary",NA,NA,NA,NA,NA,NA,NA,NA,NA,NA,NA,NA,NA,NA,NA
"392","Blue Öyster Cult","00tVTdpEhQQw1bqdu8RCx2","album rock","art rock","blues-rock","classic rock","hard rock","metal","psychedelic rock","rock","soft rock","southern rock",NA,NA,NA,NA,NA,NA,NA,NA,NA,NA
"393","Marilyn Manson","2VYQTNDsvvKN9wmU5W7xpj","alternative metal","industrial","industrial metal","industrial rock","nu metal","post-grunge","rock","wrestling",NA,NA,NA,NA,NA,NA,NA,NA,NA,NA,NA,NA
"394","DJ Jazzy Jeff & The Fresh Prince","1mG23iQeR29Ojhq89D5gbh","gangster rap","hip hop","old school hip hop","philly rap","rap",NA,NA,NA,NA,NA,NA,NA,NA,NA,NA,NA,NA,NA,NA,NA
"395","Metro Boomin","0iEtIxbK0KxaSlF7G42ZOp","hip hop","pop","pop rap","rap","southern hip hop","trap music",NA,NA,NA,NA,NA,NA,NA,NA,NA,NA,NA,NA,NA,NA
"396","Fedez","3pgCLfNbw5ozIfoNsvDU7i","italian arena pop","italian hip hop","italian pop",NA,NA,NA,NA,NA,NA,NA,NA,NA,NA,NA,NA,NA,NA,NA,NA,NA
"397","Carly Rae Jepsen","6sFIWsNpZYqfjUpaCgueju","canadian pop","dance pop","electropop","indie poptimism","pop","post-teen pop",NA,NA,NA,NA,NA,NA,NA,NA,NA,NA,NA,NA,NA,NA
"398","EXO","3cjEqqelV9zb4BYE3qDQ4O","k-pop","k-pop boy group",NA,NA,NA,NA,NA,NA,NA,NA,NA,NA,NA,NA,NA,NA,NA,NA,NA,NA
"399","Mariah Carey","4iHNK0tOyZPYnBU7nGAgpQ","dance pop","pop","r&b","urban contemporary",NA,NA,NA,NA,NA,NA,NA,NA,NA,NA,NA,NA,NA,NA,NA,NA
"400","K/DA","4gOc8TsQed9eqnqJct2c5v","k-pop girl group",NA,NA,NA,NA,NA,NA,NA,NA,NA,NA,NA,NA,NA,NA,NA,NA,NA,NA,NA
"401","Pedro Capó","4QVBYiagIaa6ZGSPMbybpy","latin pop",NA,NA,NA,NA,NA,NA,NA,NA,NA,NA,NA,NA,NA,NA,NA,NA,NA,NA,NA
"402","JENNIE","250b0Wlc5Vk0CoUsaCY84M","k-pop",NA,NA,NA,NA,NA,NA,NA,NA,NA,NA,NA,NA,NA,NA,NA,NA,NA,NA,NA
"403","Orelsan","4FpJcNgOvIpSBeJgRg3OfN","belgian hip hop","french hip hop","rap conscient",NA,NA,NA,NA,NA,NA,NA,NA,NA,NA,NA,NA,NA,NA,NA,NA,NA
"404","Mike WiLL Made-It","0NWbwDZY1VkRqFafuQm6wk","atl hip hop","hip hop","pop","pop rap","rap","southern hip hop","trap music",NA,NA,NA,NA,NA,NA,NA,NA,NA,NA,NA,NA,NA
"405","Wham!","5lpH0xAS4fVfLkACg9DAuM","dance pop","dance rock","disco","europop","motown","new romantic","new wave","new wave pop","soft rock",NA,NA,NA,NA,NA,NA,NA,NA,NA,NA,NA
"406","Wisin & Yandel","1wZtkThiXbVNtj6hee6dz9","electro latino","latin","latin hip hop","reggaeton","tropical",NA,NA,NA,NA,NA,NA,NA,NA,NA,NA,NA,NA,NA,NA,NA
"407","Brenda Lee","4cPHsZM98sKzmV26wlwD2W","adult standards","brill building pop","easy listening","lounge","nashville sound","rockabilly","vocal jazz",NA,NA,NA,NA,NA,NA,NA,NA,NA,NA,NA,NA,NA
"408","Michael Bublé","1GxkXlMwML1oSg5eLPiAz3","adult standards","canadian pop","lounge","neo mellow","pop",NA,NA,NA,NA,NA,NA,NA,NA,NA,NA,NA,NA,NA,NA,NA
"409","Andy Williams","4sj6D0zlMOl25nprDJBiU9","adult standards","brill building pop","easy listening","lounge","mellow gold","operatic pop","vocal jazz",NA,NA,NA,NA,NA,NA,NA,NA,NA,NA,NA,NA,NA
"410","Frank Sinatra","1Mxqyy3pSjf8kZZL4QVxS0","adult standards","easy listening","lounge",NA,NA,NA,NA,NA,NA,NA,NA,NA,NA,NA,NA,NA,NA,NA,NA,NA
"411","MC L da Vinte","0lHB0Qc4pmD5RkTLlHeESo","funk carioca","funk ostentacao",NA,NA,NA,NA,NA,NA,NA,NA,NA,NA,NA,NA,NA,NA,NA,NA,NA,NA
"412","MERO","5wyWp867LWGjFmYZXVSFnZ","german hip hop",NA,NA,NA,NA,NA,NA,NA,NA,NA,NA,NA,NA,NA,NA,NA,NA,NA,NA,NA
"413","Bing Crosby","6ZjFtWeHP9XN7FeKSUe80S","adult standards","big band","easy listening","lounge","vocal jazz",NA,NA,NA,NA,NA,NA,NA,NA,NA,NA,NA,NA,NA,NA,NA
"414","Paul McCartney","4STHEaNw4mPZ2tzheohgXB","album rock","art rock","classic rock","folk rock","mellow gold","rock","soft rock",NA,NA,NA,NA,NA,NA,NA,NA,NA,NA,NA,NA,NA
"415","John Lennon","4x1nvY2FN8jxqAFA0DA02H","album rock","art rock","classic rock","folk rock","mellow gold","psychedelic rock","rock","roots rock",NA,NA,NA,NA,NA,NA,NA,NA,NA,NA,NA,NA
"416","Chris Rea","5KEG7G8LDYlHgFDqZyEEs2","art rock","blues-rock","classic rock","classic uk pop","mellow gold","soft rock",NA,NA,NA,NA,NA,NA,NA,NA,NA,NA,NA,NA,NA,NA
"417","Nat King Cole","7v4imS0moSyGdXyLgVTIV7","adult standards","lounge","vocal jazz",NA,NA,NA,NA,NA,NA,NA,NA,NA,NA,NA,NA,NA,NA,NA,NA,NA
"418","Kelly Clarkson","3BmGtnKgCSGYIUhmivXKWX","australian pop","dance pop","neo mellow","pop","pop rock","post-teen pop","r&b","talent show",NA,NA,NA,NA,NA,NA,NA,NA,NA,NA,NA,NA
"419","José Feliciano","7K78lVZ8XzkjfRSI7570FF","bolero","latin pop",NA,NA,NA,NA,NA,NA,NA,NA,NA,NA,NA,NA,NA,NA,NA,NA,NA,NA
"420","Burl Ives","0MHgLfmQdutffmvWe5XBTN","adult standards","american folk revival",NA,NA,NA,NA,NA,NA,NA,NA,NA,NA,NA,NA,NA,NA,NA,NA,NA,NA
"421","Ski Mask The Slump God","2rhFzFmezpnW82MNqEKVry","miami hip hop","rap","trap music","underground hip hop",NA,NA,NA,NA,NA,NA,NA,NA,NA,NA,NA,NA,NA,NA,NA,NA
"422","Dean Martin","49e4v89VmlDcFCMyDv9wQ9","adult standards","easy listening","lounge","vocal jazz",NA,NA,NA,NA,NA,NA,NA,NA,NA,NA,NA,NA,NA,NA,NA,NA
"423","The Pogues","2wzMOQwNT6ZvVB4amvhFAH","celtic","celtic punk","celtic rock","folk punk","irish folk","punk",NA,NA,NA,NA,NA,NA,NA,NA,NA,NA,NA,NA,NA,NA
"424","Brett Eldredge","0qSX3s5pJnAlSsgsCne8Cz","contemporary country","country","country road","modern country rock",NA,NA,NA,NA,NA,NA,NA,NA,NA,NA,NA,NA,NA,NA,NA,NA
"425","Britney Spears","26dSoYclwsYLMAKD3tpOr4","dance pop","pop","pop rap","post-teen pop",NA,NA,NA,NA,NA,NA,NA,NA,NA,NA,NA,NA,NA,NA,NA,NA
"426","The Ronettes","7CyeXFnOrfC1N6z4naIpgo","brill building pop","bubblegum pop","classic girl group","motown","rock-and-roll",NA,NA,NA,NA,NA,NA,NA,NA,NA,NA,NA,NA,NA,NA,NA
"427","Elvis Presley","43ZHCT0cAZBISjO8DG9PnE","rock-and-roll","rockabilly",NA,NA,NA,NA,NA,NA,NA,NA,NA,NA,NA,NA,NA,NA,NA,NA,NA,NA
"428","Shakin' Stevens","0wi4yTYlGtEnbGo4ltZTib","classic uk pop","new wave pop","rock-and-roll","rockabilly",NA,NA,NA,NA,NA,NA,NA,NA,NA,NA,NA,NA,NA,NA,NA,NA
"429","Eartha Kitt","1AwO9pWEBSBoWdEZu28XDC","adult standards","lounge","vocal jazz",NA,NA,NA,NA,NA,NA,NA,NA,NA,NA,NA,NA,NA,NA,NA,NA,NA
"430","Pentatonix","26AHtbjWKiwYzsoGoUZq53","a cappella",NA,NA,NA,NA,NA,NA,NA,NA,NA,NA,NA,NA,NA,NA,NA,NA,NA,NA,NA
"431","Kylie Minogue","4RVnAU35WRWra6OZ3CbbMA","australian dance","australian pop","dance pop","electropop","eurodance","europop","new wave pop","pop","pop rock",NA,NA,NA,NA,NA,NA,NA,NA,NA,NA,NA
"432","Elton John","3PhoLpVuITZKcymswpck5b","glam rock","mellow gold","piano rock","rock",NA,NA,NA,NA,NA,NA,NA,NA,NA,NA,NA,NA,NA,NA,NA,NA
"433","Tony Bennett","2lolQgalUvZDfp5vvVtTYV","adult standards","easy listening","lounge","vocal jazz",NA,NA,NA,NA,NA,NA,NA,NA,NA,NA,NA,NA,NA,NA,NA,NA
"434","Chuck Berry","293zczrfYafIItmnmM3coR","classic rock","rock","rock-and-roll","rockabilly","soul",NA,NA,NA,NA,NA,NA,NA,NA,NA,NA,NA,NA,NA,NA,NA
"435","Mykola Dmytrovych Leontovych","6lBN3Tzt61u8i9AJoAhKzF","post-romantic era","ukrainian classical",NA,NA,NA,NA,NA,NA,NA,NA,NA,NA,NA,NA,NA,NA,NA,NA,NA,NA
"436","*NSYNC","6Ff53KvcvAj5U7Z1vojB5o","boy band","dance pop","europop","pop",NA,NA,NA,NA,NA,NA,NA,NA,NA,NA,NA,NA,NA,NA,NA,NA
"437","Bruce Springsteen","3eqjTLE0HfPfh78zjh6TqT","heartland rock","mellow gold","permanent wave","rock","singer-songwriter",NA,NA,NA,NA,NA,NA,NA,NA,NA,NA,NA,NA,NA,NA,NA
"438","Gwen Stefani","4yiQZ8tQPux8cPriYMWUFP","australian pop","dance pop","europop","hip pop","pop","pop rock","post-teen pop","r&b",NA,NA,NA,NA,NA,NA,NA,NA,NA,NA,NA,NA
"439","Perry Como","5v8jlSmAQfrkTjAlpUfWtu","adult standards","brill building pop","easy listening","lounge","vocal jazz",NA,NA,NA,NA,NA,NA,NA,NA,NA,NA,NA,NA,NA,NA,NA
"440","H.E.R.","3Y7RZ31TRPVadSFVy1o8os","pop","r&b",NA,NA,NA,NA,NA,NA,NA,NA,NA,NA,NA,NA,NA,NA,NA,NA,NA,NA
"441","Peter Manos","4K9aclpXgCPNFGEqRlFPal","indie cafe pop",NA,NA,NA,NA,NA,NA,NA,NA,NA,NA,NA,NA,NA,NA,NA,NA,NA,NA,NA
"442","Azet","39KEQQAG9JhIt71g9NEVhh","albanian hip hop","german hip hop",NA,NA,NA,NA,NA,NA,NA,NA,NA,NA,NA,NA,NA,NA,NA,NA,NA,NA
"443","Darlene Love","391oLRVmoTkumiN79HkTWu","brill building pop",NA,NA,NA,NA,NA,NA,NA,NA,NA,NA,NA,NA,NA,NA,NA,NA,NA,NA,NA
"444","Judy Garland","0hItVPjwJLVZrFqOyIsxPf","adult standards","hollywood","lounge","vocal jazz",NA,NA,NA,NA,NA,NA,NA,NA,NA,NA,NA,NA,NA,NA,NA,NA
"445","The Beach Boys","3oDbviiivRWhXwIE8hxkVV","baroque pop","brill building pop","folk rock","psychedelic rock","rock","sunshine pop",NA,NA,NA,NA,NA,NA,NA,NA,NA,NA,NA,NA,NA,NA
"446","Gene Autry","5ixB75BQR3ADoWQkcHQJTs","adult standards","cowboy western","nashville sound","traditional country","western swing",NA,NA,NA,NA,NA,NA,NA,NA,NA,NA,NA,NA,NA,NA,NA
"447","Backstreet Boys","5rSXSAkZ67PYJSvpUpkOr7","boy band","dance pop","europop",NA,NA,NA,NA,NA,NA,NA,NA,NA,NA,NA,NA,NA,NA,NA,NA,NA
"448","Bryan Adams","3Z02hBLubJxuFJfhacLSDc","album rock","canadian pop","canadian singer-songwriter","classic canadian rock","heartland rock","mellow gold","rock","soft rock",NA,NA,NA,NA,NA,NA,NA,NA,NA,NA,NA,NA
"449","Boney M.","54R6Y0I7jGUCveDTtI21nb","disco","europop",NA,NA,NA,NA,NA,NA,NA,NA,NA,NA,NA,NA,NA,NA,NA,NA,NA,NA
"450","Idina Menzel","73Np75Wv2tju61Eo9Zw4IR","broadway","hollywood","movie tunes","show tunes",NA,NA,NA,NA,NA,NA,NA,NA,NA,NA,NA,NA,NA,NA,NA,NA
"451","Slade","10n5lhNDoSMUHWLlnST1yw","album rock","blues-rock","classic uk pop","glam rock","hard rock","rock",NA,NA,NA,NA,NA,NA,NA,NA,NA,NA,NA,NA,NA,NA
"452","Ella Fitzgerald","5V0MlUE1Bft0mbLlND7FJz","adult standards","jazz blues","swing","vocal jazz",NA,NA,NA,NA,NA,NA,NA,NA,NA,NA,NA,NA,NA,NA,NA,NA
"453","Train","3FUY2gzHeIiaesXtOAdB7A","neo mellow","pop","pop rock",NA,NA,NA,NA,NA,NA,NA,NA,NA,NA,NA,NA,NA,NA,NA,NA,NA
"454","Nina Nesbitt","7AzjETXRUKNRSJHMW9GIqd","australian pop","dance pop","electropop","indie cafe pop","neo-singer-songwriter","pop","post-teen pop","uk pop","viral pop",NA,NA,NA,NA,NA,NA,NA,NA,NA,NA,NA
"455","Jessie J","2gsggkzM5R49q6jpPvazou","australian pop","dance pop","pop","pop rap","post-teen pop","r&b",NA,NA,NA,NA,NA,NA,NA,NA,NA,NA,NA,NA,NA,NA
"456","Céline Dion","4S9EykWXhStSc15wEx8QFK","canadian pop","dance pop",NA,NA,NA,NA,NA,NA,NA,NA,NA,NA,NA,NA,NA,NA,NA,NA,NA,NA
"457","Carpenters","1eEfMU2AhEo7XnKgL7c304","adult standards","folk","mellow gold","soft rock",NA,NA,NA,NA,NA,NA,NA,NA,NA,NA,NA,NA,NA,NA,NA,NA
"458","Donny Hathaway","0HU0U9kdXEHZVxUNbuQe8S","chicago soul","classic soul","funk","motown","neo soul","quiet storm","r&b","soul","southern soul","vocal jazz",NA,NA,NA,NA,NA,NA,NA,NA,NA,NA
"459","Eagles","0ECwFtbIWEVNwjlrfc6xoL","album rock","classic rock","folk rock","heartland rock","mellow gold","rock","singer-songwriter","soft rock","yacht rock",NA,NA,NA,NA,NA,NA,NA,NA,NA,NA,NA
"460","Devin Dawson","2ySHS7UojGu20XfUPaBlyu","contemporary country","country pop","modern country rock",NA,NA,NA,NA,NA,NA,NA,NA,NA,NA,NA,NA,NA,NA,NA,NA,NA
"461","Tom Petty and the Heartbreakers","4tX2TplrkIP4v05BNC903e","album rock","classic rock","folk rock","hard rock","heartland rock","mellow gold","pop rock","psychedelic rock","rock","roots rock","singer-songwriter","soft rock",NA,NA,NA,NA,NA,NA,NA,NA
"462","Johnny Mathis","21LGsW7bziR4Ledx7WZ1Wf","adult standards","brill building pop","easy listening","lounge","mellow gold","vocal jazz",NA,NA,NA,NA,NA,NA,NA,NA,NA,NA,NA,NA,NA,NA
"463","Jona Lewie","3nohf4qILMr5aUSOsolwxB","new wave pop",NA,NA,NA,NA,NA,NA,NA,NA,NA,NA,NA,NA,NA,NA,NA,NA,NA,NA,NA
"464","Destiny's Child","1Y8cdNmUJH7yBTd9yOvr5i","dance pop","girl group","hip pop","pop","pop rap","r&b","urban contemporary",NA,NA,NA,NA,NA,NA,NA,NA,NA,NA,NA,NA,NA
"465","Vince Guaraldi Trio","4ytkhMSAnrDP8XzRNlw9FS","adult standards","jazz trio",NA,NA,NA,NA,NA,NA,NA,NA,NA,NA,NA,NA,NA,NA,NA,NA,NA,NA
"466","Pretenders","0GByy3DcfbQwDvXGCWmzv9","album rock","art rock","classic rock","dance rock","folk","folk rock","folk-pop","lilith","mellow gold","new romantic","new wave","new wave pop","permanent wave","pop rock","rock","roots rock","soft rock",NA,NA,NA
"467","Kay Starr","7rpf45DdbpweG51Acze45i","adult standards","big band","brill building pop","deep adult standards","easy listening","lounge","swing","vocal jazz",NA,NA,NA,NA,NA,NA,NA,NA,NA,NA,NA,NA
"468","Nat King Cole Trio","3OpnoUqoRIHWbsFs4Nw0NQ","adult standards","lounge","swing","vocal jazz",NA,NA,NA,NA,NA,NA,NA,NA,NA,NA,NA,NA,NA,NA,NA,NA
"469","Wizzard","7823Dim2TzjiQQ9wRQxyi9","classic uk pop","glam rock",NA,NA,NA,NA,NA,NA,NA,NA,NA,NA,NA,NA,NA,NA,NA,NA,NA,NA
"470","Hannah Kerr","5FxshnB3eJ2YDn8xN8zDKq","anthem worship","ccm","christian alternative rock","christian music","worship",NA,NA,NA,NA,NA,NA,NA,NA,NA,NA,NA,NA,NA,NA,NA
"471","LX","10XY9PZCJKzUFzZOdtlQLU","german hip hop","hamburg hip hop",NA,NA,NA,NA,NA,NA,NA,NA,NA,NA,NA,NA,NA,NA,NA,NA,NA,NA
"472","Dennis DJ","6xlRSRMLgZbsSNd0BMobwy","brazilian edm","funk carioca","funk das antigas","funk ostentacao",NA,NA,NA,NA,NA,NA,NA,NA,NA,NA,NA,NA,NA,NA,NA,NA
"473","Márcia Fellipe","3OxZ4asD88P1lJJmLcXz4K","forro","funk carioca","sertanejo pop",NA,NA,NA,NA,NA,NA,NA,NA,NA,NA,NA,NA,NA,NA,NA,NA,NA
"474","Humberto & Ronaldo","1zEo6Fk1iaaOYFlFPBHCFn","sertanejo","sertanejo pop","sertanejo universitario",NA,NA,NA,NA,NA,NA,NA,NA,NA,NA,NA,NA,NA,NA,NA,NA,NA
"475","Eurythmics","0NKDgy9j66h3DLnN8qu1bB","dance pop","dance rock","disco","europop","mellow gold","new romantic","new wave","new wave pop","rock","soft rock","synthpop",NA,NA,NA,NA,NA,NA,NA,NA,NA
"476","Whitney Houston","6XpaIBNiVzIetEPCWDvAFP","dance pop","pop","r&b",NA,NA,NA,NA,NA,NA,NA,NA,NA,NA,NA,NA,NA,NA,NA,NA,NA
